ad_number	applicability
2026-04-07	This AD applies to Airbus Helicopters EC120B helicopters, certificated in any category.
2026-03-09	This AD applies to Aerospace & Defense Oxygen Systems SaS (part of Safran Aerosystems) (formerly known as Air Liquide) portable breathing equipment (PBE), part number (P/N) 15-40F-11 and P/N 15- 40F-80, having a manufacturing date between March 2015 and March 2017 (inclusive), and having a serial nu
2025-25-07	This AD applies to the following General Electric Company (GE) Model engines: (1) GE90-90B and GE90-94B engines with a high pressure turbine (HPT) stage 1 disk having a part number and serial number identified in table 1 to paragraph (c) of this AD installed; and (2) GE90-110B1 and GE90-115B engines
2025-26-06	This AD applies to Aerospace & Defense Oxygen Systems SaS (part of Safran Aerosystems) (formerly known as Air Liquide) portable breathing equipment (PBE), part number (P/N) 15-40F-11 and P/N 15- 40F-80, all serial numbers. These PBEs are eligible for installation on any aircraft and may have been in
2025-21-03	This AD applies to CFM International, S.A. Model (CFM) LEAP- 1A23, LEAP-1A24, LEAP-1A24E1, LEAP-1A26, LEAP-1A26CJ, LEAP-1A26E1, LEAP-1A29, LEAP-1A29CJ, LEAP-1A30, LEAP-1A32, LEAP-1A33, LEAP- 1A33B2, and LEAP-1A35A engines with an installed high-pressure turbine (HPT) rotor stage 1 blade, having part
2025-23-04	This AD applies to the ATR--GIE Avions de Transport Régional airplanes identified in paragraphs (c)(1) and (2) of this AD, certificated in any category, as identified in European Union Aviation Safety Agency (EASA) AD 2025-0080, dated April 11, 2025; corrected April 23, 2025 (EASA AD 2025-0080). (1)
2025-25-02	This AD applies to Aerospace & Defense Oxygen Systems SaS (part of Safran Aerosystems) (formerly known as Air Liquide) portable breathing equipment (PBE), part number (P/N) 15-40F-11 and P/N 15- 40F-80, all serial numbers. These PBEs are eligible for installation on any aircraft and may have been in
2025-21-01	(1) This AD applies to all hot air balloons, certificated in any category, with a fuel cylinder installed that is fitted with Cameron Balloons Ltd. pressure relief valve (PRV) adaptor part number (P/N) CB8426. Note 1 to paragraph (c)(1): Cameron Balloons Alert Service Bulletin No. 36, Revision 2, da
2025-20-01	This AD applies to the ATR--GIE Avions de Transport Régional airplanes identified in paragraphs (c)(1) and (2) of this AD, certificated in any category, as identified in European Union Aviation Safety Agency (EASA) AD 2025-0004, dated January 7, 2025 (EASA AD 2025-0004). (1) ATR42-500 airplanes. (2)
2025-16-09	This AD applies to all airplanes, certificated in any category, with a restraint system with a Pacific Scientific Company rotary buckle assembly (buckle) part number (P/N) 1111475 (all dash numbers) or P/N 1111548-01 installed having a date of manufacture (DOM) between January 2012 and April 2013 in
2025-12-03	This AD applies to CFM International, S.A. Model (CFM) LEAP- 1A23, LEAP-1A24, LEAP-1A24E1, LEAP-1A26, LEAP-1A26CJ, LEAP-1A26E1, LEAP-1A29, LEAP-1A29CJ, LEAP-1A30, LEAP-1A32, LEAP-1A33, LEAP- 1A33B2, and LEAP-1A35A engines.
2025-12-08	This AD applies to the following General Electric Company (GE) Model engines: (1) CF34-8C1, CF34-8C5, CF34-8C5A1, CF34-8C5A2, CF34-8C5A3, and CF34-8C5B1 engines with an installed combustion chamber assembly (CCA) having part number (P/N) 4145T11G08, 4145T11G10, 4180T27G02, 4180T27G04, or 4923T82G02;
2025-11-10	(1) This AD applies to all hot air balloons, certificated in any category, with a fuel cylinder installed that is fitted with Cameron Balloons Ltd. pressure relief valve (PRV) adaptor part number CB8426. Note 1 to paragraph (c)(1): Cameron Balloons Alert Service Bulletin No. 36, Revision 1, dated Ap
2025-07-01	(1) This AD applies to Thommen Aircraft Equipment AG (THOMMEN) AC32 Digital Air Data Computers (ADCs) having an affected part as defined in paragraph (f)(1) of this AD. (2) This appliance is installed on, but not limited to, the following aircraft models specified in table 1 to paragraph (c)(2) of t
2025-07-01	(1) This AD applies to THOMMEN AIRCRAFT EQUIPMENT AG (THOMMEN) AC32 Digital Air Data Computers (ADCs) having an affected part as defined in paragraph (f)(1) of this AD. (2) This appliance is installed on, but not limited to, the following aircraft models specified in table 1 to paragraph (c)(2) of t
2025-04-12	This AD applies to the following CFM International, S.A. (CFM) Model engines: (1) LEAP-1A23, LEAP-1A24, LEAP-1A24E1, LEAP-1A26, LEAP-1A26CJ, LEAP-1A26E1, LEAP-1A29, LEAP-1A29CJ, LEAP-1A30, LEAP-1A32, LEAP- 1A33, LEAP-1A33B2, LEAP-1A35A; (2) LEAP-1B21, LEAP-1B23, LEAP-1B25, LEAP-1B27, LEAP-1B28, LEAP
2025-02-11	This AD applies to all airplane models specified in table 1 to paragraph (c) of this AD, certificated in any category, that are not equipped with a rudder having a rudder post made from 4130N low- alloy steel.  Note 1 to paragraph (c): Most parts manufacturer approval (PMA) rudders are equipped with
2025-02-04	This AD applies to Airbus SAS Model airplanes identified in paragraphs (c)(1) through (4) of this AD, certificated in any category, with an original airworthiness certificate or original export certificate of airworthiness issued on or before November 6, 2023. (1) A318-111, -112, -121, and -122 airp
2025-01-01	This AD applies to Britten-Norman Aerospace Ltd. airplanes, certificated in any category, fitted with Fairey Hydraulics Ltd or Britten-Norman Aircraft landing gear and associated landing gear components, identified in paragraphs (c)(1) and (2) of this AD. (1) Model BN-2, BN-2A, BN-2A-2, BN-2A-3, BN-
2025-01-01	This AD applies to Britten-Norman Aerospace Ltd. airplanes, certificated in any category, fitted with Fairey Hydraulics Ltd or Britten-Norman Aircraft landing gear and associated landing gear components, identified in paragraphs (c)(1) and (2) of this AD. (1) Model BN-2, BN-2A, BN-2A-2, BN-2A-3, BN-
2024-26-02	(1) This AD applies to all airplanes and helicopters, certificated in any category, with a restraint system with a Pacific Scientific Company plastic rotary buckle assembly (buckle) part number (P/N) 1111430 or P/N 1111475 (all dash numbers) installed having a date of manufacture on or before May 31
2025-03-02	This AD applies to Airbus Helicopters AS332C, AS332C1, AS332L, AS332L1, AS332L2, AS355E, AS355F, AS355F1, AS355F2, AS355N, AS355NP, AS-365N2, AS 365 N3, EC 155B, EC155B1, EC225LP, SA-365N, and SA- 365N1 helicopters, certificated in any category, with a collective pitch handle installed on a pilot or
2024-20-04	This AD applies to all helicopters, certificated in any category, with a restraint system with a Pacific Scientific Company rotary buckle assembly (buckle) part number (P/N) 1111475 (all dash numbers) or P/N 1111548-01 having a date of manufacture (DOM) between January 2012 and April 2013 inclusive,
2024-17-06	This AD applies to all BAE Systems (Operations) Limited airplanes identified in paragraphs (c)(1) and (2) of this AD, certificated in any category. (1) Model BAe 146-100A, -200A, and -300A airplanes. (2) Model Avro 146-RJ70A, -RJ85A, and -RJ100A airplanes.
2024-17-06	This AD applies to all BAE Systems (Operations) Limited airplanes identified in paragraphs (c)(1) and (2) of this AD, certificated in any category. (1) Model BAe 146-100A, -200A, and -300A airplanes. (2) Model Avro 146-RJ70A, -RJ85A, and -RJ100A airplanes.
2024-14-03	This AD applies to all airplane models specified in Table 1 to paragraph (c) of this AD, certificated in any category, having a Garmin GFC 500 Autopilot System that includes an optional GSA 28 pitch trim servo installed per Supplemental Type Certificate No. SA01866WI using Master Drawing List 005-01
2024-10-14	This AD applies to Rolls-Royce Deutschland Ltd & Co KG Trent 1000-A, Trent 1000-AE, Trent 1000-C, Trent 1000-CE, Trent 1000-D, Trent 1000-E, Trent 1000-G, and Trent 1000-H engines.
2024-08-03	This AD applies to Britten-Norman Aircraft Ltd airplanes, all serial numbers, certificated in any category, identified in paragraphs (c)(1) and (2) of this AD. (1) Model BN-2, BN-2A, BN-2A-2, BN-2A-3, BN-2A-6, BN-2A-8, BN- 2A-9, BN-2A-20, BN-2A-21, BN-2A-26, BN-2A-27, BN-2B-20, BN-2B-21, BN-2B-26, B
2024-08-03	This AD applies to Britten-Norman Aircraft Ltd airplanes, all serial numbers, certificated in any category, identified in paragraphs (c)(1) and (2) of this AD. (1) Model BN-2, BN-2A, BN-2A-2, BN-2A-3, BN-2A-6, BN-2A-8, BN- 2A-9, BN-2A-20, BN-2A-21, BN-2A-26, BN-2A-27, BN-2B-20, BN-2B-21, BN-2B-26, B
2024-06-09	This AD applies to the following CFM International, S.A. Model engines: (1) CFM56-2, CFM56-2A, CFM56-2B, CFM56-3, CFM56-3B, and CFM56-3C engines; (2) CFM56-5, CFM56-5-A1/F, CFM56-5A3, CFM56-5A4, CFM56-5A4/F, CFM56-5A5, and CFM56-5A5/F engines; (3) CFM56-5B1, CFM56-5B1/2P, CFM56-5B1/3, CFM56-5B1/P, C
2024-01-11	This AD applies to all helicopters, certified in any category, with a restraint system with a Pacific Scientific Company rotary buckle assembly (buckle) part number (P/N) 1111475 (all dash numbers) or P/N 1111548-01 installed having a date of manufacture between January 2012 and September 2012 inclu
2024-01-02	This AD applies to the airplanes identified in paragraphs (c)(1) through (3) of this AD. (1) All Lockheed Martin Corporation/Lockheed Martin Aeronautics Company Model 382, 382B, 382E, 382F, and 382G airplanes, certificated in any category. (2) All Lockheed Martin Corporation/Lockheed Martin Aeronaut
2024-01-02	This AD applies to the airplanes identified in paragraphs (c)(1) through (3) of this AD. (1) All Lockheed Martin Corporation/Lockheed Martin Aeronautics Company Model 382, 382B, 382E, 382F, and 382G airplanes, certificated in any category. (2) All Lockheed Martin Corporation/Lockheed Martin Aeronaut
2024-01-02	This AD applies to the airplanes identified in paragraphs (c)(1) through (3) of this AD. (1) All Lockheed Martin Corporation/Lockheed Martin Aeronautics Company Model 382, 382B, 382E, 382F, and 382G airplanes, certificated in any category. (2) All Lockheed Martin Corporation/Lockheed Martin Aeronaut
2024-01-02	This AD applies to the airplanes identified in paragraphs (c)(1) through (3) of this AD. (1) All Lockheed Martin Corporation/Lockheed Martin Aeronautics Company Model 382, 382B, 382E, 382F, and 382G airplanes, certificated in any category. (2) All Lockheed Martin Corporation/Lockheed Martin Aeronaut
2024-01-02	This AD applies to the airplanes identified in paragraphs (c)(1) through (3) of this AD. (1) All Lockheed Martin Corporation/Lockheed Martin Aeronautics Company Model 382, 382B, 382E, 382F, and 382G airplanes, certificated in any category. (2) All Lockheed Martin Corporation/Lockheed Martin Aeronaut
2024-01-02	This AD applies to the airplanes identified in paragraphs (c)(1) through (3) of this AD. (1) All Lockheed Martin Corporation/Lockheed Martin Aeronautics Company Model 382, 382B, 382E, 382F, and 382G airplanes, certificated in any category. (2) All Lockheed Martin Corporation/Lockheed Martin Aeronaut
2024-01-02	This AD applies to the airplanes identified in paragraphs (c)(1) through (3) of this AD. (1) All Lockheed Martin Corporation/Lockheed Martin Aeronautics Company Model 382, 382B, 382E, 382F, and 382G airplanes, certificated in any category. (2) All Lockheed Martin Corporation/Lockheed Martin Aeronaut
2023-22-06	This AD applies to the airplanes identified in paragraphs (c)(1) and (2) of this AD. (1) All Lockheed Martin Corporation/Lockheed Martin Aeronautics Company Model 382, 382B, 382E, 382F, and 382G airplanes, certificated in any category.  (2) All airplanes specified in paragraphs (c)(2)(i) through (xi
2023-22-06	This AD applies to the airplanes identified in paragraphs (c)(1) and (2) of this AD. (1) All Lockheed Martin Corporation/Lockheed Martin Aeronautics Company Model 382, 382B, 382E, 382F, and 382G airplanes, certificated in any category.  (2) All airplanes specified in paragraphs (c)(2)(i) through (xi
2023-22-06	This AD applies to the airplanes identified in paragraphs (c)(1) and (2) of this AD. (1) All Lockheed Martin Corporation/Lockheed Martin Aeronautics Company Model 382, 382B, 382E, 382F, and 382G airplanes, certificated in any category.  (2) All airplanes specified in paragraphs (c)(2)(i) through (xi
2023-22-06	This AD applies to the airplanes identified in paragraphs (c)(1) and (2) of this AD. (1) All Lockheed Martin Corporation/Lockheed Martin Aeronautics Company Model 382, 382B, 382E, 382F, and 382G airplanes, certificated in any category.  (2) All airplanes specified in paragraphs (c)(2)(i) through (xi
2023-22-06	This AD applies to the airplanes identified in paragraphs (c)(1) and (2) of this AD. (1) All Lockheed Martin Corporation/Lockheed Martin Aeronautics Company Model 382, 382B, 382E, 382F, and 382G airplanes, certificated in any category.  (2) All airplanes specified in paragraphs (c)(2)(i) through (xi
2023-22-06	This AD applies to the airplanes identified in paragraphs (c)(1) and (2) of this AD. (1) All Lockheed Martin Corporation/Lockheed Martin Aeronautics Company Model 382, 382B, 382E, 382F, and 382G airplanes, certificated in any category.  (2) All airplanes specified in paragraphs (c)(2)(i) through (xi
2023-21-05	This AD applies to Thales AVS France SAS flight management computer navigation modules (FMC2 NAVM), part number (P/N) C13084CA03, installed on, but not limited to airplanes, certificated in any category.
2023-17-09	(1) This AD applies to hot air balloons, certificated in any category, equipped with a Cameron Balloons Ltd. fuel cylinder part number (P/N) CB2990/A (the affected fuel cylinder). (2) The affected fuel cylinder may be installed on hot air balloon models including, but not limited to, those of the fo
2023-14-10	(1) This AD applies to: (i) Ipeco Holdings Limited (Ipeco) pilot and co-pilot seats with a part number (P/N) listed in Paragraph 1.A., Planning Information, Tables 1 and 2, of Ipeco Service Bulletin (SB) Number 063-25-14, Revision 00, dated August 14, 2018, and (ii) Ipeco pilot seat P/N 3A063-0099-0
2023-12-25	This AD applies to Survitec Group Limited (RFD Beaufort Ltd.) life jackets identified in paragraphs (c)(1) and (2) of this AD, having a part number and serial number identified in tables 2 through 13 of Survitec [RFD] Alert Service Bulletin 25-207-A, Version 1, dated November 24, 2021, and a date of
2023-11-10	This AD applies to all airplanes specified in paragraphs (c)(1) through (2) of this AD, certificated in any category. (1) Lockheed Martin Corporation/Lockheed Martin Aeronautics Company Model 382, 382B, 382E, 382F, 382G, and 382J airplanes. (2) The airplanes specified in paragraphs (c)(2)(i) through
2023-11-10	This AD applies to all airplanes specified in paragraphs (c)(1) through (2) of this AD, certificated in any category. (1) Lockheed Martin Corporation/Lockheed Martin Aeronautics Company Model 382, 382B, 382E, 382F, 382G, and 382J airplanes. (2) The airplanes specified in paragraphs (c)(2)(i) through
2023-11-10	This AD applies to all airplanes specified in paragraphs (c)(1) through (2) of this AD, certificated in any category. (1) Lockheed Martin Corporation/Lockheed Martin Aeronautics Company Model 382, 382B, 382E, 382F, 382G, and 382J airplanes. (2) The airplanes specified in paragraphs (c)(2)(i) through
2023-11-10	This AD applies to all airplanes specified in paragraphs (c)(1) through (2) of this AD, certificated in any category. (1) Lockheed Martin Corporation/Lockheed Martin Aeronautics Company Model 382, 382B, 382E, 382F, 382G, and 382J airplanes. (2) The airplanes specified in paragraphs (c)(2)(i) through
2023-11-10	This AD applies to all airplanes specified in paragraphs (c)(1) through (2) of this AD, certificated in any category. (1) Lockheed Martin Corporation/Lockheed Martin Aeronautics Company Model 382, 382B, 382E, 382F, 382G, and 382J airplanes. (2) The airplanes specified in paragraphs (c)(2)(i) through
2023-11-10	This AD applies to all airplanes specified in paragraphs (c)(1) through (2) of this AD, certificated in any category. (1) Lockheed Martin Corporation/Lockheed Martin Aeronautics Company Model 382, 382B, 382E, 382F, 382G, and 382J airplanes. (2) The airplanes specified in paragraphs (c)(2)(i) through
2023-11-07	This AD applies to all helicopters, certificated in any category, equipped with a radio (also known as radar) altimeter. These radio altimeters are installed on various helicopter models including, but not limited to, the helicopters for which the design approval holder is identified in paragraphs (
2023-12-11	This AD applies to all The Boeing Company 737-8, 737-9, and 737- 8200 airplanes, certificated in any category.
2023-09-09	(1) For purposes of this AD, a ``v-band coupling'' means a spot- welded, multi-segment v-band coupling installed at the tailpipe to turbocharger exhaust housing flange. (2) For purposes of this AD, ``new'' means zero hours time-in- service (TIS).
2023-10-02	This AD applies to all transport and commuter category airplanes equipped with a radio (also known as radar) altimeter. These radio altimeters are installed on various transport and commuter category airplanes including, but not limited to, the airplanes for which the design approval holder is ident
2023-09-06	This AD applies to CFM International, S.A. (CFM) LEAP-1A23, LEAP-1A24, LEAP-1A24E1, LEAP-1A26, LEAP-1A26CJ, LEAP-1A26E1, LEAP- 1A29, LEAP-1A29CJ, LEAP-1A30, LEAP-1A32, LEAP-1A33, LEAP-1A33B2, and LEAP-1A35A model turbofan engines.
2023-08-07	This AD applies to the following Allied Ag Cat Productions, Inc. airplanes, all serial numbers, certificated in any category. (1) Model G-164A airplanes with Supplemental Type Certificate (STC) No. SA7769SW, SA7966SW, or SA8720SW installed. (2) Model G-164B airplanes with STC No. SA7546SW, SA7966SW,
2023-08-07	This AD applies to the following Allied Ag Cat Productions, Inc. airplanes, all serial numbers, certificated in any category. (1) Model G-164A airplanes with Supplemental Type Certificate (STC) No. SA7769SW, SA7966SW, or SA8720SW installed. (2) Model G-164B airplanes with STC No. SA7546SW, SA7966SW,
2023-09-13	This AD applies to all airplanes specified in paragraphs (c)(1) and (2) of this AD, certificated in any category. (1) Lockheed Martin Corporation/Lockheed Martin Aeronautics Company Model 382, 382B, 382E, 382F, and 382G airplanes. (2) The airplanes specified in paragraphs (c)(2)(i) through (x) of th
2023-09-13	This AD applies to all airplanes specified in paragraphs (c)(1) and (2) of this AD, certificated in any category. (1) Lockheed Martin Corporation/Lockheed Martin Aeronautics Company Model 382, 382B, 382E, 382F, and 382G airplanes. (2) The airplanes specified in paragraphs (c)(2)(i) through (x) of th
2023-09-13	This AD applies to all airplanes specified in paragraphs (c)(1) and (2) of this AD, certificated in any category. (1) Lockheed Martin Corporation/Lockheed Martin Aeronautics Company Model 382, 382B, 382E, 382F, and 382G airplanes. (2) The airplanes specified in paragraphs (c)(2)(i) through (x) of th
2023-09-13	This AD applies to all airplanes specified in paragraphs (c)(1) and (2) of this AD, certificated in any category. (1) Lockheed Martin Corporation/Lockheed Martin Aeronautics Company Model 382, 382B, 382E, 382F, and 382G airplanes. (2) The airplanes specified in paragraphs (c)(2)(i) through (x) of th
2023-09-13	This AD applies to all airplanes specified in paragraphs (c)(1) and (2) of this AD, certificated in any category. (1) Lockheed Martin Corporation/Lockheed Martin Aeronautics Company Model 382, 382B, 382E, 382F, and 382G airplanes. (2) The airplanes specified in paragraphs (c)(2)(i) through (x) of th
2023-09-13	This AD applies to all airplanes specified in paragraphs (c)(1) and (2) of this AD, certificated in any category. (1) Lockheed Martin Corporation/Lockheed Martin Aeronautics Company Model 382, 382B, 382E, 382F, and 382G airplanes. (2) The airplanes specified in paragraphs (c)(2)(i) through (x) of th
2023-07-07	This AD applies to MHI RJ Aviation ULC airplanes, certificated in any category, and identified in paragraphs (c)(1) through (4) of this AD. (1) Model CL-600-2B19 (Regional Jet Series 100 & 440) airplanes, serial numbers 7002 through 7990 inclusive, and 8000 through 8113 inclusive. (2) Model CL-600-2
2023-07-07	This AD applies to MHI RJ Aviation ULC airplanes, certificated in any category, and identified in paragraphs (c)(1) through (4) of this AD. (1) Model CL-600-2B19 (Regional Jet Series 100 & 440) airplanes, serial numbers 7002 through 7990 inclusive, and 8000 through 8113 inclusive. (2) Model CL-600-2
2023-07-07	This AD applies to MHI RJ Aviation ULC airplanes, certificated in any category, and identified in paragraphs (c)(1) through (4) of this AD. (1) Model CL-600-2B19 (Regional Jet Series 100 & 440) airplanes, serial numbers 7002 through 7990 inclusive, and 8000 through 8113 inclusive. (2) Model CL-600-2
2023-07-07	This AD applies to MHI RJ Aviation ULC airplanes, certificated in any category, and identified in paragraphs (c)(1) through (4) of this AD. (1) Model CL-600-2B19 (Regional Jet Series 100 & 440) airplanes, serial numbers 7002 through 7990 inclusive, and 8000 through 8113 inclusive. (2) Model CL-600-2
2023-07-07	This AD applies to MHI RJ Aviation ULC airplanes, certificated in any category, and identified in paragraphs (c)(1) through (4) of this AD. (1) Model CL-600-2B19 (Regional Jet Series 100 & 440) airplanes, serial numbers 7002 through 7990 inclusive, and 8000 through 8113 inclusive. (2) Model CL-600-2
2023-06-14	This AD applies to: (1) Pratt & Whitney Canada Corporation (P&WC) PW308A model turbofan engines with build specification (BS) BS935 and BS1249, serial numbers PCE-CE0180 and prior; and (2) P&WC PW308C model turbofan engines with BS1047 and BS1238, serial numbers PCE-CF0967 and prior.
2023-06-06	This AD applies to all MHI RJ Aviation ULC airplanes, certificated in any category, identified in paragraphs (c)(1) through (5) of this AD. (1) Model CL-600-2C10 (Regional Jet Series 700, 701 & 702) airplanes. (2) Model CL-600-2C11 (Regional Jet Series 550) airplanes. (3) Model CL-600-2D15 (Regional
2023-06-06	This AD applies to all MHI RJ Aviation ULC airplanes, certificated in any category, identified in paragraphs (c)(1) through (5) of this AD. (1) Model CL-600-2C10 (Regional Jet Series 700, 701 & 702) airplanes. (2) Model CL-600-2C11 (Regional Jet Series 550) airplanes. (3) Model CL-600-2D15 (Regional
2023-06-06	This AD applies to all MHI RJ Aviation ULC airplanes, certificated in any category, identified in paragraphs (c)(1) through (5) of this AD. (1) Model CL-600-2C10 (Regional Jet Series 700, 701 & 702) airplanes. (2) Model CL-600-2C11 (Regional Jet Series 550) airplanes. (3) Model CL-600-2D15 (Regional
2023-06-06	This AD applies to all MHI RJ Aviation ULC airplanes, certificated in any category, identified in paragraphs (c)(1) through (5) of this AD. (1) Model CL-600-2C10 (Regional Jet Series 700, 701 & 702) airplanes. (2) Model CL-600-2C11 (Regional Jet Series 550) airplanes. (3) Model CL-600-2D15 (Regional
2023-06-06	This AD applies to all MHI RJ Aviation ULC airplanes, certificated in any category, identified in paragraphs (c)(1) through (5) of this AD. (1) Model CL-600-2C10 (Regional Jet Series 700, 701 & 702) airplanes. (2) Model CL-600-2C11 (Regional Jet Series 550) airplanes. (3) Model CL-600-2D15 (Regional
2023-05-17	This AD applies to General Electric Company (GE) GE90-76B, GE90- 85B, GE90-90B, and GE90-94B model turbofan engines, excluding those engines with an installed full set of high-pressure turbine (HPT) stage 2 nozzles with part numbers 1847M47G23 and 1847M47G24.
2023-06-06	This AD applies to MHI RJ Aviation ULC airplanes, certificated in any category, identified in paragraphs (c)(1) through (5) of this AD. (1) Model CL-600-2C10 (Regional Jet Series 700, 701 & 702) airplanes. (2) Model CL-600-2C11 (Regional Jet Series 550) airplanes. (3) Model CL-600-2D15 (Regional Jet
2023-06-06	This AD applies to MHI RJ Aviation ULC airplanes, certificated in any category, identified in paragraphs (c)(1) through (5) of this AD. (1) Model CL-600-2C10 (Regional Jet Series 700, 701 & 702) airplanes. (2) Model CL-600-2C11 (Regional Jet Series 550) airplanes. (3) Model CL-600-2D15 (Regional Jet
2023-06-06	This AD applies to MHI RJ Aviation ULC airplanes, certificated in any category, identified in paragraphs (c)(1) through (5) of this AD. (1) Model CL-600-2C10 (Regional Jet Series 700, 701 & 702) airplanes. (2) Model CL-600-2C11 (Regional Jet Series 550) airplanes. (3) Model CL-600-2D15 (Regional Jet
2023-06-06	This AD applies to MHI RJ Aviation ULC airplanes, certificated in any category, identified in paragraphs (c)(1) through (5) of this AD. (1) Model CL-600-2C10 (Regional Jet Series 700, 701 & 702) airplanes. (2) Model CL-600-2C11 (Regional Jet Series 550) airplanes. (3) Model CL-600-2D15 (Regional Jet
2023-06-06	This AD applies to MHI RJ Aviation ULC airplanes, certificated in any category, identified in paragraphs (c)(1) through (5) of this AD. (1) Model CL-600-2C10 (Regional Jet Series 700, 701 & 702) airplanes. (2) Model CL-600-2C11 (Regional Jet Series 550) airplanes. (3) Model CL-600-2D15 (Regional Jet
2023-04-11	This AD applies to General Electric Company (GE) CF6-45A, CF6- 45A2, CF6-50A, CF6-50C, CF6-50CA, CF6-50C1, CF6-50C2, CF6-50C2B, CF6-50C2D, CF6-50E, CF6-50E1, CF6-50E2, and CF6-50E2B model turbofan engines, including engines marked on the engine data plate as CF6- 50C2-F and CF6-50C2-R, with an insta
2023-05-16	This AD applies to Continental Aerospace Technologies, Inc. (Continental) GTSIO-520-C, -D, -H, -K, -L, -M, -N, and -S; IO-360-A, -AB, -AF, -C, -CB, -D, -DB, -E, -ES, -G, -GB, -H, -HB, -J, -JB, -K, and -KB; IO-470-A, -C, -D, -E, -F, -G, -H, -J, -K, -L, -LO, -M, -N, -P, -R, -S, -T, -U, -V, and -VO; IO
2023-04-19	This AD applies to General Electric Company (GE) GE90-110B1 and GE90-115B model turbofan engines with an installed high-pressure compressor (HPC) rotor stage 7-9 spool with part number (P/N) 2032M23G01, P/N 2032M23G02, P/N 2676M00G01, or P/N 2676M00G02, and a serial number listed in paragraph 4., Ap
2023-04-14	This AD applies to Rolls-Royce Deutschland Ltd. & Co KG (RRD) Trent XWB-75, Trent XWB-79, Trent XWB-79B, Trent XWB-84, and Trent XWB-97 model turbofan engines as identified in European Union Aviation Safety Agency (EASA) AD 2022-0129, dated June 30, 2022. (EASA AD 2022-0129).
2023-04-20	Cirrus Design Corporation (Cirrus) Model SF50 airplanes, all serial numbers, certificated in any category.
2023-03-12	This AD applies to Pratt & Whitney Canada Corp. JT15D-1, JT15D- 1A, and JT15D-1B model turbofan engines as identified in Transport Canada AD CF-2022-27, dated May 19, 2022 (Transport Canada AD CF- 2022-27).
2023-04-08	Continental Aerospace Technologies, Inc. (Continental) GTSIO- 520-C, -D, -H, -K, -L, -M, -N, and -S; IO-360-A, -AB, -AF, -C, -CB, -D, -DB, -E, -ES, -G, -GB, -H, -HB, -J, -JB, -K, and -KB; IO-470-D, -E, -G, -H, -J, -K, -L, -M, -N, -P, -R, -S, -T, -U, -V, and -VO; IO- 520-A, -B, -BA, -BB, -C, -CB, -D,
2023-01-07	This AD applies to GE Aviation Czech s.r.o. (Type Certificate previously held by WALTER Engines a.s., Walter a.s., and MOTORLET a.s.) H75-100, H75-200, H80, H80-100, H80-200, H85-100, and H85-200 model turboprop engines.
2023-03-02	This AD applies to Pratt & Whitney Canada Corp. (P&WC) PT6E-67XP model turboprop engines with serial number HP0194 and earlier, as identified in Transport Canada AD CF-2022-26, dated May 12, 2022 (Transport Canada AD CF-2022-26).
2023-02-05	This AD applies to General Electric Company (GE) CF34-8C1, CF34- 8C5, CF34-8C5A1, CF34-8C5B1, CF34-8C5A2, CF34-8C5A3, CF34-8E2, CF34- 8E2A1, CF34-8E5, CF34-8E5A1, CF34-8E5A2, CF34-8E6, and CF34-8E6A1 model turbofan engines, including engine models marked on engine data plate as CF34-8C5/B, CF34-8C5/
2023-01-10	This AD applies to GE Aviation Czech s.r.o. (GEAC) M601E-11, M601E-11A, M601E-11AS, M601E-11S, and M601F model turboprop engines, with an installed compressor case part number (P/N) M601-154.51, which includes compressor cases identified as, or recorded in the engine logbook as P/N M601-154.6; or wi
2023-01-07	This AD applies to GE Aviation Czech s.r.o. (Type Certificate previously held by WALTER Engines a.s., Walter a.s., and MOTORLET a.s.) H75-100, H75-200, H80, H80-100, H80-200, H85-100, and H85-200 model turboprop engines.
2023-01-08	This AD applies to Continental Aerospace Technologies GmbH (Type Certificate previously held by Technify Motors GmbH and Thielert Aircraft Engines GmbH) TAE 125-02-99 and TAE 125-02-114 model reciprocating engines with an engine serial number (S/N) identified in Models Affected, Continental Aerospac
2023-02-12	This AD applies to Continental Aerospace Technologies, Inc. (Continental) GTSIO-520, IO-470, IO-520, IO-550, IOF-550, LIO-470, LIO-520, LTSIO-520, O-470, TSIO-470, TSIO-520, TSIO-550, TSIOF-550, and TSIOL-550 model reciprocating engines listed in the Application Table, page 1, of Superior Air Parts,
2023-02-04	Mooney International Corporation Model M20C, M20D, M20E, M20F, and M20G airplanes, all serial numbers up to 680170 inclusive, certificated in any category.
2023-01-12	This AD applies to all Safran Helicopter Engines, S.A. (Type Certificate previously held by Turbomeca, S.A.) Arriel 1C, Arriel 1C1, and Arriel 1C2 model turboshaft engines.
2023-01-11	This AD applies to all Safran Helicopter Engines, S.A. (Type Certificate previously held by Turbomeca, S.A.) Makila 1A and Makila 1A1 model turboshaft engines.
2023-01-07	This AD applies to GE Aviation Czech s.r.o. (Type Certificate previously held by WALTER Engines a.s., Walter a.s., and MOTORLET a.s.) H75-100, H75-200, H80, H80-100, H80-200, H85-100, and H85-200 model turboprop engines.
2022-26-05	This AD applies to Rolls-Royce Deutschland Ltd & Co KG TAY 620- 15 and TAY 650-15 model turbofan engines.
2022-27-04	This AD applies to Pratt & Whitney PW1519G, PW1521G, PW1521G-3, PW1521GA, PW1524G, PW1524G-3, PW1525G, and PW1525G-3 model turbofan engines.
2022-26-02	This AD applies to Rolls-Royce Deutschland Ltd & Co KG BR700- 710A1-10, BR700-710A2-20, BR700-710C4-11, and BR700-710D5-21 model turbofan engines as identified in European Union Aviation Safety Agency (EASA) AD 2022-0033, dated March 03, 2022 (EASA AD 2022- 0033).
2022-25-20	This AD applies to General Electric Company GEnx-1B64, GEnx- 1B64/P1, GEnx-1B64/P2, GEnx-1B67, GEnx-1B67/P1, GEnx-1B67/P2, GEnx- 1B70, GEnx-1B70/75/P1, GEnx-1B70/75/P2, GEnx-1B70/P1, GEnx-1B70/P2, GEnx-1B70C/P1, GEnx-1B70C/P2, GEnx-1B74/75/P1, GEnx-1B74/75/P2, GEnx-1B76/P2, GEnx-1B76A/P2, GEnx-2B67,
2022-26-01	This AD applies to GE Aviation Czech s.r.o. (GEAC) M601D-11, M601E-11, M601E-11A, M601E-11AS, M601E-11S, M601F, H75-100, H75-200, H80, H80-100, H80-200, H85-100, and H85-200 model turboprop engines installed on single-engine airplanes, with an installed combustion chamber outer liner having part num
2022-23-09	This AD applies to General Electric Company GE90-90B, GE90-94B, GE90-110B1, and GE90-115B model turbofan engines with an installed high-pressure turbine (HPT) stage 1 disk, HPT stage 2 disk, or stages 7-9 compressor rotor spool with a part number (P/N) and serial number (S/N) identified in Table 1 t
2022-24-06	This AD applies to Rolls-Royce Deutschland Ltd & Co KG (RRD) BR700-710A1-10, BR700-710A2-20, and BR700-710C4-11 model turbofan engines as identified in European Union Aviation Safety Agency AD 2022-0110, dated June 15, 2022 (EASA AD 2022-0110).
2022-24-04	This AD applies to MarS A.S. ATL-88/90-1B (commercially known as ATL-15 SL) emergency parachutes part number (P/N) 09994, P/N 09995, and P/N 09996 (no dash number) that meet either of the criterion in paragraph (c)(1) or (2) of this AD: (1) The parachute has a date of manufacture of January 1, 2016,
2022-21-10	This AD applies to all MHI RJ Aviation ULC airplanes identified in paragraphs (c)(1) through (5) of this AD, certificated in any category. (1) Model CL-600-2C10 (Regional Jet Series 700, 701, & 702). (2) Model CL-600-2C11 (Regional Jet Series 550). (3) Model CL-600-2D15 (Regional Jet Series 705). (4
2022-21-10	This AD applies to all MHI RJ Aviation ULC airplanes identified in paragraphs (c)(1) through (5) of this AD, certificated in any category. (1) Model CL-600-2C10 (Regional Jet Series 700, 701, & 702). (2) Model CL-600-2C11 (Regional Jet Series 550). (3) Model CL-600-2D15 (Regional Jet Series 705). (4
2022-21-10	This AD applies to all MHI RJ Aviation ULC airplanes identified in paragraphs (c)(1) through (5) of this AD, certificated in any category. (1) Model CL-600-2C10 (Regional Jet Series 700, 701, & 702). (2) Model CL-600-2C11 (Regional Jet Series 550). (3) Model CL-600-2D15 (Regional Jet Series 705). (4
2022-21-10	This AD applies to all MHI RJ Aviation ULC airplanes identified in paragraphs (c)(1) through (5) of this AD, certificated in any category. (1) Model CL-600-2C10 (Regional Jet Series 700, 701, & 702). (2) Model CL-600-2C11 (Regional Jet Series 550). (3) Model CL-600-2D15 (Regional Jet Series 705). (4
2022-21-10	This AD applies to all MHI RJ Aviation ULC airplanes identified in paragraphs (c)(1) through (5) of this AD, certificated in any category. (1) Model CL-600-2C10 (Regional Jet Series 700, 701, & 702). (2) Model CL-600-2C11 (Regional Jet Series 550). (3) Model CL-600-2D15 (Regional Jet Series 705). (4
2022-21-13	This AD applies to Hoffmann GmbH & Co. KG (Hoffmann) model HO-V 72 propellers.
2022-22-05	All NZSkydive Limited (type certificate previously held by Pacific Aerospace Ltd.) Model FBA-2C1, FBA-2C2, FBA-2C3, and FBA-2C4 airplanes, all serial numbers, certificated in any category.
2022-19-15	This AD applies to International Aero Engines, LLC PW1122G-JM, PW1124G1-JM, PW1124G-JM, PW1127G1-JM, PW1127GA-JM, PW1127G-JM, PW1129G-JM, PW1130G-JM, PW1133GA-JM, and PW1133G-JM model turbofan engines with an installed: (1) High-pressure turbine (HPT) 1st-stage disk, part numbers (P/ Ns) 30G4201, 30
2022-18-15	This AD applies to the MHI RJ Aviation ULC airplanes, certificated in any category, identified in paragraphs (c)(1) through (4) of this AD. (1) Model CL-600-2B19 (Regional Jet Series 100 & 440) airplanes, serial numbers 7002 through 7990 inclusive and 8000 through 8112 inclusive. (2) Model CL-600-2C
2022-18-15	This AD applies to the MHI RJ Aviation ULC airplanes, certificated in any category, identified in paragraphs (c)(1) through (4) of this AD. (1) Model CL-600-2B19 (Regional Jet Series 100 & 440) airplanes, serial numbers 7002 through 7990 inclusive and 8000 through 8112 inclusive. (2) Model CL-600-2C
2022-18-15	This AD applies to the MHI RJ Aviation ULC airplanes, certificated in any category, identified in paragraphs (c)(1) through (4) of this AD. (1) Model CL-600-2B19 (Regional Jet Series 100 & 440) airplanes, serial numbers 7002 through 7990 inclusive and 8000 through 8112 inclusive. (2) Model CL-600-2C
2022-18-15	This AD applies to the MHI RJ Aviation ULC airplanes, certificated in any category, identified in paragraphs (c)(1) through (4) of this AD. (1) Model CL-600-2B19 (Regional Jet Series 100 & 440) airplanes, serial numbers 7002 through 7990 inclusive and 8000 through 8112 inclusive. (2) Model CL-600-2C
2022-20-12	This AD applies to General Electric Company (GE) GEnx-1B54/P2, GEnx-1B58/P2, GEnx-1B64/P2, GEnx-1B67/P2, GEnx-1B70/P2, GEnx-1B70C/ P2, GEnx-1B70/72/P2, GEnx-1B70/75/P2, GEnx-1B74/75/P2, GEnx-1B75/P2, GEnx-1B76/P2, GEnx-1B76A/P2, GEnx-1B78/P2, GEnx-2B67, GEnx-2B67B, and GEnx-2B67/P model turbofan eng
2022-21-06	This AD applies to General Electric Company CF34-8C1, CF34-8C5, CF34-8C5A1, CF34-8C5A2, CF34-8C5A3, CF34-8C5B1, CF34-8E2, CF34- 8E2A1, CF34-8E5, CF34-8E5A1, CF34-8E5A2, CF34-8E6, and CF34-8E6A1 model turbofan engines with an installed low-pressure turbine (LPT) stage 5 disk, part number (P/N) 4117T1
2022-19-15	This AD applies to International Aero Engines, LLC PW1122G-JM, PW1124G1-JM, PW1124G-JM, PW1127G1-JM, PW1127GA-JM, PW1127G-JM, PW1129G-JM, PW1130G-JM, PW1133GA-JM, and PW1133G-JM model turbofan engines with an installed: (1) High-pressure turbine (HPT) 1st-stage disk, part numbers (P/ Ns) 30G4201, 30
2022-18-06	This AD applies to: (1) General Electric Company (GE) GE90-110B1 and GE90-115B model turbofan engines; and (2) GE GE90-76B, GE90-85B, GE90-90B, and GE90-94B model turbofan engines with an installed interstage high-pressure turbine (HPT) rotor seal with part number (P/N) 2629M47P01 and serial number 
2022-19-01	This AD applies to General Electric Company (GE) GEnx-2B67/P model turbofan engines with an installed: (1) Low-pressure turbine rotor (LPTR) stage 4 disk, part number (P/N) 2440M64P01, with serial number (S/N) JHVPD762, JHVPD763, JHVPD764, or JHVPD765; or (2) LPTR stage 6 disk, P/N 2440M66P01, with 
2022-17-02	This AD applies to CFM International, S.A. (CFM) LEAP-1B21, LEAP-1B23, LEAP-1B25, LEAP-1B27, LEAP-1B28, LEAP-1B28B1, LEAP- 1B28B2, LEAP-1B28B2C, LEAP-1B28B3, LEAP-1B28BBJ1, and LEAP-1B28BBJ2 model turbofan engines with an installed inner radial drive shaft (RDS) with a serial number listed in Additi
2022-18-04	General Electric Company (GE) GEnx-1B64, GEnx-1B64/P1, GEnx- 1B64/P2, GEnx-1B67, GEnx-1B67/P1, GEnx-1B67/P2, GEnx-1B70, GEnx- 1B70/75/P1, GEnx-1B70/75/P2, GEnx-1B70/P1, GEnx-1B70/P2, GEnx-1B70C/ P1, GEnx-1B70C/P2, GEnx-1B74/75/P1, GEnx-1B74/75/P2, GEnx-1B76/P2, and GEnx-1B76A/P2 model turbofan engin
2022-18-16	This AD applies to General Electric Company (GE) CT7-8A model turboshaft engines.
2022-18-02	This AD applies to MT-Propeller Entwicklung GmbH: (1) MTV-5-1-( ), MTV-9-( ), MTV-12-( ), MTV-14-B, MTV-14-D, MTV- 15-( ), MTV-16-( ), MTV-18-( ), and MTV-27-( ) variable pitch propellers with a propeller serial number (S/N) identified in MT- Propeller Entwicklung GmbH Alert Service Bulletin (ASB) N
2022-17-12	This AD applies to CFM International, S.A. (CFM) LEAP-1A23, LEAP-1A24, LEAP-1A24E1, LEAP-1A26, LEAP-1A26CJ, LEAP-1A26E1, LEAP- 1A29, LEAP-1A29CJ, LEAP-1A30, LEAP-1A32, LEAP-1A33, LEAP-1A33B2, and LEAP-1A35A model turbofan engines with an installed high-pressure turbine (HPT) rotor stage 1 blade, hav
2022-16-03	This AD applies to: (1) Continental Aerospace Technologies, Inc. reciprocating engine models identified in Table 1 to paragraph (c) of this AD that are equipped with an S-1200 series magneto having a serial number (S/N) between F21EA057 and F21KA009R, inclusive, manufactured and sold between May and
2022-15-08	This AD applies to the airplanes identified in EASA AD 2021- 0234, dated October 28, 2021 (EASA AD 2021-0234), certificated in any category.
2022-15-02	(1) This AD applies to hot air balloons, certificated in any category, with a Cameron Balloons Ltd. Stratus double burner assembly part number (P/N) CB8720 or P/N CB8721 installed. (2) The affected burner assemblies may be installed on hot air balloon models including, but not limited to, those of t
2022-15-04	This AD applies to CFM International, S.A. (CFM) LEAP-1A23, LEAP-1A24, LEAP-1A24E1, LEAP-1A26, LEAP-1A26CJ, LEAP-1A26E1, LEAP- 1A29, LEAP-1A29CJ, LEAP-1A30, LEAP-1A32, LEAP-1A33, LEAP-1A33B2, LEAP-1A35A model turbofan engines with engine serial number (ESN) 598-280, 598-283, 598-284, 598-291, 598-30
2022-15-03	This AD applies to Pratt & Whitney PW1519G, PW1521G, PW1521G-3, PW1521GA, PW1524G, PW1524G-3, PW1525G, PW1525G-3, PW1919G, PW1921G, PW1922G, PW1923G, and PW1923G-A model turbofan engines.
2022-14-12	This AD applies to: (1) GE Aviation Czech s.r.o. (GEAC) M601F model turboprop engines with an engine serial number (ESN) listed in Attachment 1, List of Affected Engines--Group 1, of GE Aviation Czech Alert Service Bulletin (ASB) ASB-M601F-72-10-00-0056 [02], ASB-M601D-72- 10-00-0072 [02], ASB-M601E
2022-13-17	This AD applies to Rolls-Royce Deutschland Ltd & Co KG Trent XWB-75, Trent XWB-79, Trent XWB-79B, Trent XWB-84, and Trent XWB-97 model turbofan engines.
2022-13-15	This AD applies to Williams International Co., L.L.C. (Williams) FJ44-2A, FJ44-2C, FJ44-3A, and FJ44-3A-24 model turbofan engines with an engine serial number identified in paragraph 1.A., Effectivity, of Williams International Service Bulletin WISB-72- 1032, Revision 2, dated June 4, 2020 (the SB),
2022-14-02	This AD applies to CFM International, S.A. LEAP-1A23, LEAP-1A24, LEAP-1A24E1, LEAP-1A26, LEAP-1A26CJ, LEAP-1A26E1, LEAP-1A29, LEAP- 1A29CJ, LEAP-1A30, LEAP-1A32, LEAP-1A33, LEAP-1A33B2, and LEAP-1A35A model turbofan engines with an installed: (1) High-pressure turbine (HPT) rotor stage 1 disk (HPT s
2022-13-12	This AD applies to General Electric Company (GE) GE Passport 20- 17BB1A, GE Passport 20-18BB1A, and GE Passport 20-19BB1A model turbofan engines.
2022-13-16	This AD applies to GE Aviation Czech s.r.o. M601D-11 model turboprop engines.
2022-12-12	This AD applies to Pratt & Whitney Division (PW) PW4062 model turbofan engines with an installed low-pressure turbine (LPT) stage 5 air seal, part number (P/N) 50N324, having a serial number (S/N) listed in Table 1 to paragraph (c) of this AD, installed.  [GRAPHIC] [TIFF OMITTED] TR17JN22.033
2022-13-03	(1) This AD applies to hot air balloons, certificated in any category, equipped with a Cameron Balloons Ltd. part number (P/N) CB2990 (Alugas) fuel cylinder (the affected fuel cylinder). (2) The affected fuel cylinder may be installed on hot air balloon models including, but not limited to, those of
2022-11-15	This AD applies to Rolls-Royce Deutschland Ltd & Co KG (Type Certificate previously held by Rolls-Royce plc) Trent 7000-72 and Trent 7000-72C model turbofan engines.
2022-11-02	This AD applies to CFM International, S.A. (CFM) LEAP-1B21, LEAP-1B23, LEAP-1B25, LEAP-1B27, LEAP-1B28, LEAP-1B28B1, LEAP- 1B28B2, LEAP-1B28B2C, LEAP-1B28B3, LEAP-1B28BBJ1, and LEAP-1B28BBJ2 model turbofan engines.
2022-11-01	This AD applies to the Airbus SAS airplanes, certificated in any category, without Airbus modification 11912 and identified in figure 1 to paragraph (c) of this AD.  [GRAPHIC] [TIFF OMITTED] TR31MY22.224
2022-10-06	This AD applies to Rolls-Royce Corporation (RRC) 250-C20, 250- C20B, 250-C20C (T63-A-720), 250-C20F, 250-C20J, 250-C20R, 250-C20R/ 1, 250-C20R/2, 250-C20R/4, 250-C20W, 250-C300/A1, and 250-C300/B1 model turboshaft engines with either a 3rd-stage turbine wheel, part number (P/N) 23065818, or a 4th-st
2022-10-02	This AD applies to Honeywell International, Inc. (Type Certificate previously held by AlliedSignal, Inc. and Textron Lycoming) T5311A, T5311B, T5313B, T5317A, T5317A-1, T5317B, T5317BCV, and former military T53-L-11, T53-L-11A, T53-L-11B, T53-L- 11C, T53-L-11D, T53-L-11A S/SA, T53-L-13B, T53-L-13B S
2022-09-09	This AD applies to CFM International, S.A. (CFM) LEAP-1A23, LEAP-1A24, LEAP-1A24E1, LEAP-1A26, LEAP-1A26CJ, LEAP-1A26E1, LEAP- 1A29, LEAP-1A29CJ, LEAP-1A30, LEAP-1A32, LEAP-1A33, LEAP-1A33B2, and LEAP-1A35A model turbofan engines.
2022-09-14	This AD applies to General Electric Company (GE) CF34-8C1, CF34- 8C5, CF34-8C5A1, CF34-8C5B1, CF34-8C5A2, CF34-8C5A3, CF34-8E2, CF34- 8E2A1, CF34-8E5, CF34-8E5A1, CF34-8E5A2, CF34-8E6, and CF34-8E6A1 model turbofan engines.
2022-09-10	This AD applies to Rolls-Royce Deutschland Ltd & Co KG (RRD) (Type Certificate previously held by Rolls-Royce plc) RB211 Trent 875-17, RB211 Trent 877-17, RB211 Trent 884-17, RB211 Trent 884B-17, RB211 Trent 892-17, RB211 Trent 892B-17, and RB211 Trent 895-17 model turbofan engines, as identified in
2022-09-09	This AD applies to CFM International, S.A. (CFM) LEAP-1A23, LEAP-1A24, LEAP-1A24E1, LEAP-1A26, LEAP-1A26CJ, LEAP-1A26E1, LEAP- 1A29, LEAP-1A29CJ, LEAP-1A30, LEAP-1A32, LEAP-1A33, LEAP-1A33B2, and LEAP-1A35A model turbofan engines.
2022-10-04	This AD applies to Engine Alliance (EA) GP7270, GP7272, and GP7277 model turbofan engines with an installed: (1) Stages 7-9 compressor rotor spool, part number (P/N) 2031M90G05, having serial number (S/N) GWN0R7R3; or (2) Stages 7-9 compressor rotor spool, P/N 2031M90G07, having S/ N GWN0R9R3, GWN0R
2022-08-16	This AD applies to Rolls-Royce Deutschland Ltd & Co KG (RRD) Trent 1000-AE3, Trent 1000-CE3, Trent 1000-D3, Trent 1000-G3, Trent 1000-H3, Trent 1000-J3, Trent 1000-K3, Trent 1000-L3, Trent 1000-M3, Trent 1000-N3, Trent 1000-P3, Trent 1000-Q3, Trent 1000-R3, Trent 7000-72, and Trent 7000-72C model tu
2022-08-13	This AD applies to all Pratt & Whitney Canada Corp. PT6A-34, - 34B, -34AG, -114, and -114A model turboprop engines.
2022-08-10	This AD applies to all Hamilton Sundstrand Corporation (Hamilton Sundstrand) 54H model propellers with a propeller hub, model 54H60, installed. Note to paragraph (c): Hamilton Sundstrand references propeller model 54H60 in Hamilton Sundstrand Alert Service Bulletin (ASB) 54H60-61-A154, Revision 1, d
2022-07-13	This AD applies to Pratt & Whitney Division PW4074, PW4074D, PW4077, PW4077D, PW4084D, PW4090, and PW4090-3 model turbofan engines, with an installed air/oil heat exchanger that has accumulated any number of cycles since new (CSN) or cycles since last overhaul.
2022-08-06	This AD applies to General Electric Company (GE) CF34-8C1, CF34- 8C5, CF34-8C5A1, CF34-8C5A2, CF34-8C5A3, CF34-8C5B1, CF34-8E2, CF34- 8E2A1, CF34-8E5, CF34-8E5A1, CF34-8E5A2, CF34-8E6, and CF34-8E6A1 model turbofan engines installed on an airplane that has accumulated 250 or more parked days outdoor
2022-06-14	This AD applies to all BAE Systems (Operations) Limited airplanes, certificated in any category, identified in paragraphs (c)(1) and (2) of this AD. (1) Model BAe 146-100A, -200A, and -300A airplanes. (2) Model Avro 146-RJ70A, 146-RJ85A, and 146-RJ100A airplanes.
2022-06-14	This AD applies to all BAE Systems (Operations) Limited airplanes, certificated in any category, identified in paragraphs (c)(1) and (2) of this AD. (1) Model BAe 146-100A, -200A, and -300A airplanes. (2) Model Avro 146-RJ70A, 146-RJ85A, and 146-RJ100A airplanes.
2022-07-05	This AD applies to MARS A.S. ATL-88/90-1B (commercially known as ATL-15 SL) emergency parachutes that meet either of the criterion in paragraph (c)(1) or (2) of this AD: (1) The parachute has a date of manufacture of January 1, 2016, or later; or (2) The date of manufacture of the parachute is unkno
2022-06-09	This AD applies to Pratt & Whitney Division (PW) PW4074, PW4074D, PW4077, PW4077D, PW4084D, PW4090, and PW4090-3 model turbofan engines, with a 1st-stage low-pressure compressor (LPC) blade, with part number 52A241, 55A801, 55A801-001, 55A901, 55A901- 001, 56A201, 56A201-001, or 56A221, installed.
2022-05-08	This AD applies to General Electric Company (GE) CF34-10E2A1, CF34-10E5, CF34-10E5A1, CF34-10E6, CF34-10E6A1, CF34-10E7, and CF34- 10E7-B model turbofan engines with a stationary oil seal, part number (P/N) B1316-00453 or P/N B1316-01274, installed at the No. 1 forward bearing, that: (1) Has been re
2022-02-03	This AD applies to CFM International, S.A. CFM56-3 and CFM56-7B model turbofan engines equipped with an accessory gearbox (AGB) assembly with the following part numbers (P/Ns): (1) For CFM56-3, CFM56-3B, and CFM56-3C model turbofan engines, AGB P/N: 335-  300-103-0, 335-300-105-0, 335-300-106-0, 335
2022-05-09	This AD applies to MARS A.S. ATL-88/90-1B (commercially known as ATL-15 SL) emergency parachutes with an extension of static line made of Microline cord and that meet any of the criterion in paragraph (c)(1), (2), or (3) of this AD: (1) The parachute has a date of manufacture between January 1, 2016
2022-04-07	This AD applies to all General Electric Company (GE) GEnx-1B64, GEnx-1B64/P1, GEnx-1B64/P2, GEnx-1B67, GEnx-1B67/P1, GEnx-1B67/P2, GEnx-1B70, GEnx-1B70/75/P1, GEnx-1B70/75/P2, GEnx-1B70/P1, GEnx- 1B70/P2, GEnx-1B70C/P1, GEnx-1B70C/P2, GEnx-1B74/75/P1, GEnx-1B74/ 75/P2, GEnx-1B76/P2, GEnx-1B76A/P2, G
2022-04-04	This AD applies to the reciprocating engine models identified in paragraphs (c)(1) and (2) of this AD with an F&M Enterprises, Inc. (F&M) or Stratus Tool Technologies, LLC (Stratus) oil filter adapter installed per Supplemental Type Certificate SE8409SW, SE09356SC, or SE10348SC. (1) Continental Aero
2022-04-02	This AD applies to Rolls-Royce Deutschland Ltd & Co KG (RRD) (Type Certificate previously held by Rolls-Royce plc) Trent 1000- AE3, Trent 1000-CE3, Trent 1000-D3, Trent 1000-G3, Trent 1000-H3, Trent 1000-J3, Trent 1000-K3, Trent 1000-L3, Trent 1000-M3, Trent 1000-N3, Trent 1000-P3, Trent 1000-Q3, an
2022-02-03	This AD applies to CFM International, S.A. CFM56-3 and CFM56-7B model turbofan engines equipped with an accessory gearbox (AGB) assembly with the following part numbers (P/Ns): (1) For CFM56-3, CFM56-3B, and CFM56-3C model turbofan engines, AGB P/N: 335-300-103-0, 335-300-105-0, 335-300-106-0, 335-3
2022-03-16	This AD applies to General Electric Company (GE) GEnx-1B64, GEnx-1B64/P1, GEnx-1B64/P2, GEnx-1B67, GEnx-1B67/P1, GEnx-1B67/P2, GEnx-1B70, GEnx-1B70/75/P1, GEnx-1B70/75/P2, GEnx-1B70/P1, GEnx- 1B70/P2, GEnx-1B70C/P1, GEnx-1B70C/P2, GEnx-1B74/75/P1, GEnx-1B74/ 75/P2, GEnx-1B76/P2, GEnx-1B76A/P2, GEnx-
2022-03-19	This AD applies to General Electric Company (GE) Passport 20- 17BB1A, Passport 20-18BB1A, and Passport 20-19BB1A model turbofan engines.
2022-03-15	This AD applies to all serial numbers of the airplane models listed in table 1 to paragraph (c), certificated in any category, that are either: (1) Modified with a Garmin G3X Touch Electronic Flight Instrument System under Supplemental Type Certificate (STC) No. SA01899WI, installed in accordance wi
2022-03-01	This AD applies to: (1) Diamond Aircraft Industries GmbH (DAI) Model DA 42 NG airplanes, serial numbers (S/N) 42.N303 through 42.N314, 42.N319, and 42.N320, certificated in any category, with a fuel tank connection hose part number (P/N) D4D-2817-10-70 installed; and (2) DAI Models DA 42, DA 42 NG, 
2022-02-09	This AD applies to International Aero Engines AG (IAE) V2522-A5, V2524-A5, V2525-D5, V2527-A5, V2527E-A5, V2527M-A5, V2528-D5, V2530- A5, V2531-E5, and V2533-A5 model turbofan engines with an installed: (1) High-pressure turbine (HPT) 1st-stage disk, part number (P/ N) 2A5001, with a serial number (
2021-26-22	This AD applies to General Electric Company (GE) CF6-80A, CF6- 80A1, CF6-80A2, CF6-80A3, CF6-80C2A1, CF6-80C2A2, CF6-80C2A3, CF6- 80C2A5, CF6-80C2A5F, CF6-80C2A8, CF6-80C2B1, CF6-80C2B1F, CF6- 80C2B2, CF6-80C2B2F, CF6-80C2B4, CF6-80C2B4F, CF6-80C2B5F, CF6- 80C2B6, CF6-80C2B6F, CF6-80C2B6FA, CF6-80C2
2022-03-03	This AD applies to Austro Engine GmbH E4 and E4P model diesel piston engines equipped with either: (1) A cylinder head having part number (P/N) E4A-12-500-000, installed in combination with high-pressure pump (HPP) driving gear P/N E4A-30-000-601 (any revision), P/N E4A-30-000-201 rev. AB.1, or P/N 
2022-02-18	This AD applies to General Electric Company (GE) CF6-80C2A1, CF6-80C2A2, CF6-80C2A3, CF6-80C2A5, CF6-80C2A5F, and CF6-80C2A8 model turbofan engines with an installed left-hand rear mount link assembly, part number (P/N) 1846M23G01.
2021-26-25	This AD applies to the Schempp-Hirth Flugzeugbau GmbH gliders identified in paragraphs (c)(1) and (2) of this AD, certificated in any category. (1) Model Duo Discus gliders, serial number (S/N) 1 through 541 inclusive, except S/N 534. (2) Model Duo Discus T gliders, S/N 1 through 174 inclusive.
2021-26-26	This AD applies to Safran Helicopter Engines, S.A. (Type Certificate previously held by Turbomeca S.A.) Arrius 2B1, Arrius 2B1A, (including those that embody modification (mod) TU45C, identified as Arrius 2B1A_1) and Arrius 2B2 model turboshaft engines with an installed engine electronic control uni
2022-02-05	This AD applies to Pratt & Whitney (P&W) PW1519G, PW1521G, PW1521G-3, PW1521GA, PW1524G, PW1524G-3, PW1525G, PW1525G-3, PW1919G, PW1921G, PW1922G, PW1923G, and PW1923G-A model turbofan engines with an installed: (1) High-pressure turbine (HPT) 1st-stage disk, part number (P/ N) 30G5701, with serial 
2021-26-06	This AD applies to General Electric Company (GE) GE90-76B, GE90- 85B, GE90-90B, GE90-94B, GE90-110B1, and GE90-115B model turbofan engines with a transfer gearbox (TGB) radial bevel gear (TGB radial gearshaft) serial number listed in paragraph 4., APPENDIX--A, Table 1 of GE GE90 Service Bulletin (SB
2022-01-06	(1) This AD applies to hot air balloons, certificated in any category, with the following Cameron Balloons Ltd. fuel cylinder if fitted with a flange adapter with part number (P/N) CB437 machine- engraved on the flange adapter: (i) P/Ns CB2901, CB2902, and CB2903; (ii) Stainless steel fuel cylinder 
2022-01-04	This AD applies to Rolls-Royce Corporation (RRC) AE 2100D3 model turboprop engines with a 3rd-stage compressor wheel, part number (P/ N) 23084158, and with a serial number listed in Figure 1 to paragraph (c) of this AD.  Figure 1 to Paragraph (c)--Serial Numbers of Affected P/N 23084158 3rd- stage C
2021-26-04	This AD applies to all Engine Alliance (EA) GP7270 and GP7277 model turbofan engines.
2021-26-13	This AD applies to Rolls-Royce Deutschland Ltd & Co KG (Type Certificate previously held by Rolls-Royce plc) (RRD) Trent 1000-A2, Trent 1000-AE2, Trent 1000-C2, Trent 1000-CE2, Trent 1000-D2, Trent 1000-E2, Trent 1000-G2, Trent 1000-H2, Trent 1000-J2, Trent 1000-K2, and Trent 1000-L2 model turbofan 
2021-26-19	This AD applies to General Electric Company (GE) CF34-8C5, CF34- 8C5B1, CF34-8E2, CF34-8E2A1, CF34-8E5, CF34-8E5A1, CF34-8E5A2, CF34- 8E6, and CF34-8E6A1 model turbofan engines with an installed high- pressure turbine (HPT) rotor stage 1 disk, part number (P/N) 4125T22P04, and a serial number (S/N) 
2021-26-11	This AD applies to Rolls-Royce Deutschland Ltd. & Co KG (RRD) (Type Certificate previously held by Rolls-Royce plc) RB211 Trent 875-17, 877-17, 884-17, 884B-17, 892-17, 892B-17, and 895-17 model turbofan engines.
2021-25-04	This AD applies to Rolls-Royce Deutschland Ltd. & Co KG (Type Certificate previously held by Rolls-Royce plc) Trent 1000-AE3, Trent 1000-CE3, Trent 1000-D3, Trent 1000-G3, Trent 1000-H3, Trent 1000-J3, Trent 1000-K3, Trent 1000-L3, Trent 1000-M3, Trent 1000-N3, Trent 1000-P3, Trent 1000-Q3, and Tren
2021-25-03	This AD applies to Rolls-Royce Deutschland Ltd. & Co KG (RRD) (Type Certificate previously held by Rolls-Royce plc) Trent 7000-72 and Trent 7000-72C model turbofan engines.
2021-23-51	This AD applies to General Electric Company (GE) CF34-8C1, CF34- 8C5, CF34-8C5A1, CF34-8C5A2, CF34-8C5A3, CF34-8C5B1, CF34-8E2, CF34- 8E2A1, CF34-8E5, CF34-8E5A1, CF34-8E5A2, CF34-8E6, and CF34-8E6A1 model turbofan engines installed on an airplane that has accumulated more than 250 parked days outdo
2021-21-13	This AD applies to Rolls-Royce Deutschland Ltd. & Co KG (RRD) (Type Certificate previously held by Rolls-Royce plc) Trent 1000-A, Trent 1000-AE, Trent 1000-C, Trent 1000-CE, Trent 1000-D, Trent 1000-E, Trent 1000-G, and Trent 1000-H model turbofan engines.
2021-23-13	This AD applies to all helicopters, certificated in any category, equipped with a radio (also known as radar) altimeter. These radio altimeters are installed on various helicopter models including, but not limited to, the helicopters for which the design approval holder is identified in paragraphs (
2021-23-12	This AD applies to all transport and commuter category airplanes equipped with a radio (also known as radar) altimeter. These radio altimeters are installed on various transport and commuter category airplanes including, but not limited to, the airplanes for which the design approval holder is ident
2021-23-17	This AD applies to all Hoffmann GmbH & Co. KG model HO-V 72 propellers.
2021-22-24	This AD applies to MHI RJ Aviation ULC airplanes identified in paragraphs (c)(1) through (3) of this AD, certificated in any category. (1) Model CL-600-2C10 (Regional Jet Series 700, 701 & 702) and CL-600-2C11 (Regional Jet Series 550) airplanes, serial numbers 10002 and subsequent. (2) Model CL-600
2021-22-24	This AD applies to MHI RJ Aviation ULC airplanes identified in paragraphs (c)(1) through (3) of this AD, certificated in any category. (1) Model CL-600-2C10 (Regional Jet Series 700, 701 & 702) and CL-600-2C11 (Regional Jet Series 550) airplanes, serial numbers 10002 and subsequent. (2) Model CL-600
2021-22-24	This AD applies to MHI RJ Aviation ULC airplanes identified in paragraphs (c)(1) through (3) of this AD, certificated in any category. (1) Model CL-600-2C10 (Regional Jet Series 700, 701 & 702) and CL-600-2C11 (Regional Jet Series 550) airplanes, serial numbers 10002 and subsequent. (2) Model CL-600
2021-22-19	This AD applies to Pratt & Whitney (P&W) JT8D-209, JT8D-217, JT8D-217A, JT8D-217C, and JT8D-219 model turbofan engines.
2021-21-05	This AD applies to General Electric Company (GE) GEnx-1B64, GEnx-1B64/P1, GEnx-1B64/P2, GEnx-1B67, GEnx-1B67/P1, GEnx-1B67/P2, GEnx-1B70, GEnx-1B70/75/P1, GEnx-1B70/75/P2, GEnx-1B70/P1, GEnx- 1B70/P2, GEnx-1B70C/P1, GEnx-1B70C/P2, GEnx-1B74/75/P1, GEnx-1B74/ 75/P2, GEnx-1B76/P2, GEnx-1B76A/P2, GEnx-
2021-24-10	This AD applies to all Austro Engine GmbH E4 and E4P model diesel piston engines.
2021-21-13	This AD applies to Rolls-Royce Deutschland Ltd. & Co KG (RRD) (Type Certificate previously held by Rolls-Royce plc) Trent 1000-A, Trent 1000-AE, Trent 1000-C, Trent 1000-CE, Trent 1000-D, Trent 1000-E, Trent 1000-G, and Trent 1000-H model turbofan engines.
2021-22-14	This AD applies to Pratt & Whitney Division (PW) PW4164, PW4164- 1D, PW4168, PW4168-1D, PW4168A, PW4168A-1D, and PW4170 model turbofan engines with low-pressure turbine (LPT) 4th-stage air sealing ring segment assemblies, part number (P/N) 50N463-01, P/N 50N526-01, or FAA-approved equivalent part nu
2021-20-21	This AD applies to: (1) GE Aviation Czech s.r.o. (GEAC) H80-200 model turboprop engines with propeller governor part number (P/N) P-W22-1, and Avia Propeller AV-725 propellers installed.  (2) GEAC H85-200 model turboprop engines (build configuration BC04) with Avia Propeller AV-725 propellers instal
2021-22-20	This AD applies to Austro Engine GmbH E4 and E4P model diesel piston engines equipped with either: (1) A cylinder head having part number (P/N) E4A-12-500-000 (affected cylinder head), or (2) A high-pressure pump (HPP) driving gear, having P/N E4A-30- 000-201, with a serial number (S/N) listed in Ch
2021-18-14	This AD applies to DG Flugzeugbau GmbH Models DG-808C and DG- 1000T gliders, all serial numbers, certificated in any category.
2021-20-01	This AD applies to Pratt & Whitney PW1519G, PW1521G, PW1521G-3, PW1521GA, PW1524G, PW1524G-3, PW1525G, PW1525G-3, PW1919G, PW1921G, PW1922G, PW1923G, and PW1923G-A model turbofan engines with a high- pressure turbine (HPT) 1st-stage hub, part number (P/N) 30G5701, or an HPT rotor 1st-stage blade ret
2021-18-13	This AD applies to General Electric Company (GE) CF34-8C1, CF34- 8C5, CF34-8C5A1, CF34-8C5B1, CF34-8C5A2, CF34-8C5A3, CF34-8E2, CF34- 8E2A1, CF34-8E5, CF34-8E5A1, CF34-8E5A2, CF34-8E6, and CF34-8E6A1 model turbofan engines with an outer shell combustion liner (combustion outer liner shell), part num
2021-18-05	This AD applies to Rolls-Royce Deutschland Ltd & Co KG (Type Certificate previously held by Rolls-Royce plc) Trent 1000-A2, Trent 1000-AE2, Trent 1000-C2, Trent 1000-CE2, Trent 1000-D2, Trent 1000- E2, Trent 1000-G2, Trent 1000-H2, Trent 1000-J2, Trent 1000-K2, and Trent 1000-L2 model turbofan engin
2021-19-10	This AD applies to International Aero Engines, LLC (IAE) PW1122G-JM, PW1124G1-JM, PW1124G-JM, PW1127G1-JM, PW1127GA-JM, PW1127G-JM, PW1129G-JM, PW1130G-JM, PW1133GA-JM, and PW1133G-JM model turbofan engines with an installed: (1) High-pressure turbine (HPT) 1st-stage disk, part number (P/ N) 30G6201
2021-18-01	This AD applies to B-N Group Ltd. Models BN-2, BN-2A, BN-2A-2, BN-2A-3, BN-2A-6, BN-2A-8, BN-2A-9, BN-2A-20, BN-2A-21, BN-2A-26, BN-2A-27, BN-2B-20, BN-2B-21, BN-2B-26, BN-2B-27, BN-2T, and BN-2T- 4R airplanes, all serial numbers, certificated in any category, with a rudder final drive rod part numb
2021-17-12	This AD applies to Rolls-Royce Deutschland Ltd & Co KG (RRD) (Type Certificate previously held by Rolls-Royce plc) Trent 1000-A, Trent 1000-A2, Trent 1000-AE, Trent 1000-AE2, Trent 1000-C, Trent 1000-C2, Trent 1000-CE, Trent 1000-CE2, Trent 1000-D, Trent 1000-D2, Trent 1000-G, Trent 1000-G2, Trent 1
2021-17-05	This AD applies to Safran Helicopter Engines, S.A. (Type Certificate previously held by Turbomeca S.A.) Arrius 2B1, 2B1A, 2B2, and 2K1 model turboshaft engines.
2021-17-11	This AD applies to Rolls-Royce Deutschland Ltd & Co KG (Type Certificate previously held by Rolls-Royce plc) Trent XWB-75, Trent XWB-79, Trent XWB-79B, and Trent XWB-84 model turbofan engines with an installed intermediate-pressure compressor (IPC) rotor 1 (R1) blade, part number (P/N) KH21559 (affe
2021-16-08	This AD applies to: (1) CFM International, S.A. (CFM) CFM56-5B1, -5B2, -5B4, -5B5, - 5B6, -5B7, -5B1/P, -5B2/P, -5B3/P, -5B4/P, -5B5/P, -5B6/P, -5B7/P, - 5B8/P, -5B9/P, -5B3/P1, -5B4/P1, -5B1/2P, -5B2/2P, -5B3/2P, -5B4/2P, -5B6/2P, -5B9/2P, -5B3/2P1, -5B4/2P1, -7B20, -7B22, -7B24, -7B26, - 7B27, -7B
2021-17-09	This AD applies to Pratt & Whitney PW1519G, PW1521G, PW1521G-3, PW1521GA, PW1524G, PW1524G-3, PW1525G, PW1525G-3, PW1919G, PW1921G, PW1922G, PW1923G, and PW1923G-A model turbofan engines.
2021-15-10	This AD applies to GE Aviation Czech s.r.o. (GEAC) (Type Certificate previously held by WALTER Engines a.s., Walter a.s., and MOTORLET a.s.) H75-200, H80-100, and H80-200 model turboprop engines.
2021-15-05	This AD applies to General Electric Company (GE) GE90-110B1 and GE90-115B model turbofan engines.
2021-17-01	This AD applies to Austro Engine GmbH E4 and E4P model diesel piston engines.
2021-15-12	This AD applies to Pratt & Whitney Canada Corp. (P&WC) PW210A and PW210S model turboshaft engines.
2021-14-13	This AD applies to all Pratt & Whitney (PW) PW2037, PW2037M, PW2040, and F117-PW-100 model turbofan engines.
2021-14-11	This AD applies to General Electric Company (GE) CF6-80A, CF6- 80A1, CF6-80A2, CF6-80A3, CF6-80C2A1, CF6-80C2A2, CF6-80C2A3, CF6- 80C2A5, CF6-80C2A5F, CF6-80C2A8, CF6-80C2B1, CF6-80C2B1F, CF6- 80C2B1F1, CF6-80C2B1F2, CF6-80C2B2, CF6-80C2B2F, CF6-80C2B3F, CF6- 80C2B4, CF6-80C2B4F, CF6-80C2B5F, CF6-80
2021-14-19	This AD applies to International Aero Engines AG (IAE) V2522-A5, V2524-A5, V2525-D5, V2527-A5, V2527E-A5, V2527M-A5, V2528-D5, V2530- A5, V2531-E5, and V2533-A5 model turbofan engines with an installed: (1) High-pressure turbine (HPT) 1st-stage disk, part number (P/ N) 2A5001, with a serial number (
2021-13-16	This AD applies to General Electric Company (GE) GEnx-2B67, GEnx-2B67/P, and GEnx-2B67B model turbofan engines with lower fuel manifold, part number (P/N) 2619M58G01, installed.
2021-14-03	This AD applies to all Rolls-Royce Deutschland Ltd. & Co KG (Type Certificate previously held by BMW Rolls-Royce GmbH and BMW Rolls-Royce Aero Engines) (RRD) BR700-715A1-30, BR700-715B1-30, and BR700-715C1-30 model turbofan engines with high-pressure turbine (HPT) stage 1 blade, part number (P/N) BR
2021-13-08	This AD applies to Safran Helicopter Engines, S.A. (Type Certificate previously held by Turbomeca, S.A.) Arriel 2C and Arriel 2S1 model turboshaft engines.
2021-13-19	This AD replaces AD 2014-11-02, Amendment 39-17852 (79 FR 33050, June 10, 2014).
2021-15-01	This AD applies to Rolls-Royce Deutschland Ltd & Co KG (RRD) (Type Certificate previously held by Rolls-Royce plc) Trent XWB-75, Trent XWB-79, Trent XWB-79B, Trent XWB-84, and Trent XWB-97 model turbofan engines.
2021-14-12	This AD applies to True Flight Holdings LLC Models AA-1, AA-1A, AA-1B, AA-1C, and AA-5 airplanes, all serial numbers, certificated in any category.
2021-14-02	This AD applies to Aircraft Industries a.s. Models L-420, L 410 UVP-E20, and L 410 UVP-E20 CARGO airplanes, all serial numbers, certificated in any category.
2021-13-03	This AD applies to Safran Helicopter Engines, S.A. (Type Certificate previously held by Turbomeca, S.A.) Arriel 2B, 2B1, 2C, 2C1, 2C2, 2S1 and 2S2 model turboshaft engines with a fuel filter pre-blockage pressure switch, part number 9 550 17 200 0, and serial number (S/N) 00001 to 12753, inclusive, 
2021-12-07	This AD applies to Rolls-Royce Deutschland Ltd & Co KG (RRD) (Type Certificate previously held by Rolls-Royce Deutschland GmbH, formerly BMW Rolls-Royce GmbH) BR700-710A1-10, BR700-710A2-20 and BR700-710C4-11 model turbofan engines with a high-pressure turbine (HPT) stage 1 disk having a part number
2021-14-06	This AD applies to Pratt & Whitney (PW) PW1519G, PW1521G, PW1521G-3, PW1521GA, PW1524G, PW1524G-3, PW1525G, PW1525G-3, PW1919G, PW1921G, PW1922G, PW1923G, and PW1923G-A model turbofan engines.
2021-11-51	This AD applies to International Aero Engines AG (IAE) V2522-A5, V2524-A5, V2527-A5, V2527E-A5, V2527M-A5, V2530-A5, and V2533-A5 model turbofan engines with: (1) A high-pressure turbine (HPT) 1st-stage disk, part number (P/N) 2A5001, with serial number (S/N), PKLBR34908, PKLBR59989, PKLBR83471, PKL
2021-11-07	This AD applies to: (1) General Electric Company (GE) GEnx-1B64, GEnx-1B64/P1, GEnx- 1B64/P2, GEnx-1B67, GEnx-1B67/P1, GEnx-1B67/P2, GEnx-1B70, GEnx- 1B70/75/P1, GEnx-1B70/75/P2, GEnx-1B70/P1, GEnx-1B70/P2, GEnx-1B70C/ P1, GEnx-1B70C/P2, GEnx-1B74/75/P1, GEnx-1B74/75/P2, GEnx-1B76/P2, GEnx-1B76A/P2 
2021-13-07	This AD applies to GE Aviation Czech s.r.o. (GEAC) M601D-11, M601E-11, M601E-11A, M601E-11AS, M601E-11S, and M601F model turboprop engines.
2021-12-06	None.
2021-12-01	This AD applies to Engine Alliance (EA) GP7270 and GP7277 model turbofan engines with low-pressure compressor (LPC) 1st-stage fan blades, part number (P/N) 5700531, 5702931, 5702931CL1, or 5702931CL2, installed.
2021-11-22	This AD replaces AD 2016-11-21, Amendment 39-18548 (81 FR 36137, June 6, 2016).
2021-11-21	This AD applies to CFM International, S.A. (CFM) LEAP-1A23, LEAP-1A24, LEAP-1A24E1, LEAP-1A26, LEAP-1A26CJ, LEAP-1A26E1, LEAP- 1A29, LEAP-1A29CJ, LEAP-1A30, LEAP-1A32, LEAP-1A33, LEAP-1A33B2, and LEAP-1A35A model turbofan engines, with a high-pressure turbine (HPT) case, part number (P/N) 2668M94G01
2021-11-16	This AD applies to Piper Aircraft, Inc. Models PA-36-285, PA-36- 300, and PA-36-375 airplanes, certificated in any category.
2021-11-13	This AD is effective July 15, 2021.
2021-11-15	This AD applies to International Aero Engines AG (IAE) V2522-A5, V2524-A5, V2525-D5, V2527-A5, V2527E-A5, V2527M-A5, V2528-D5, V2530- A5, V2531-E5, and V2533-A5 model turbofan engines with an installed: (1) High-pressure turbine (HPT) 1st-stage disk, part number (P/ N) 2A5001, with a serial number (
2021-11-02	This AD applies to the MHI RJ Aviation ULC airplanes identified in paragraphs (c)(1) through (6) of this AD, certificated in any category, all manufacturer serial numbers. (1) Model CL-600-2B19 (Regional Jet Series 100 & 440) airplanes. (2) Model CL-600-2C10 (Regional Jet Series 700, 701 & 702) airp
2021-11-02	This AD applies to the MHI RJ Aviation ULC airplanes identified in paragraphs (c)(1) through (6) of this AD, certificated in any category, all manufacturer serial numbers. (1) Model CL-600-2B19 (Regional Jet Series 100 & 440) airplanes. (2) Model CL-600-2C10 (Regional Jet Series 700, 701 & 702) airp
2021-11-02	This AD applies to the MHI RJ Aviation ULC airplanes identified in paragraphs (c)(1) through (6) of this AD, certificated in any category, all manufacturer serial numbers. (1) Model CL-600-2B19 (Regional Jet Series 100 & 440) airplanes. (2) Model CL-600-2C10 (Regional Jet Series 700, 701 & 702) airp
2021-11-02	This AD applies to the MHI RJ Aviation ULC airplanes identified in paragraphs (c)(1) through (6) of this AD, certificated in any category, all manufacturer serial numbers. (1) Model CL-600-2B19 (Regional Jet Series 100 & 440) airplanes. (2) Model CL-600-2C10 (Regional Jet Series 700, 701 & 702) airp
2021-11-02	This AD applies to the MHI RJ Aviation ULC airplanes identified in paragraphs (c)(1) through (6) of this AD, certificated in any category, all manufacturer serial numbers. (1) Model CL-600-2B19 (Regional Jet Series 100 & 440) airplanes. (2) Model CL-600-2C10 (Regional Jet Series 700, 701 & 702) airp
2021-11-02	This AD applies to the MHI RJ Aviation ULC airplanes identified in paragraphs (c)(1) through (6) of this AD, certificated in any category, all manufacturer serial numbers. (1) Model CL-600-2B19 (Regional Jet Series 100 & 440) airplanes. (2) Model CL-600-2C10 (Regional Jet Series 700, 701 & 702) airp
2021-10-09	(1) This AD applies to all CFM International, S.A. (CFM) CFM56- 5B1, -5B1/2P, -5B1/3, -5B1/P, -5B2, -5B2/2P, -5B2/3, -5B2/P, -5B3/ 2P, -5B3/2P1, -5B3/3, -5B3/3B1, -5B3/P, -5B3/P1, -5B4, -5B4/2P, - 5B4/2P1, -5B4/3, -5B4/3B1, -5B4/P, -5B4/P1, -5B5, -5B5/3, -5B5/P, - 5B6, -5B6/2P, -5B6/3, -5B6/P, -5B7,
2021-08-02	This AD applies to all Safran Helicopter Engines, S.A. (Safran) (Type Certificate previously held by Turbomeca, S.A.) Arriel 2D and Arriel 2E model turboshaft engines.
2021-10-27	This AD applies to all BAE Systems (Operations) Limited airplanes specified in paragraphs (c)(1) and (2) of this AD, certificated in any category. (1) Model BAe 146-100A, -200A, and -300A airplanes. (2) Model Avro 146-RJ70A, 146-RJ85A, and 146-RJ100A airplanes.
2021-10-27	This AD applies to all BAE Systems (Operations) Limited airplanes specified in paragraphs (c)(1) and (2) of this AD, certificated in any category. (1) Model BAe 146-100A, -200A, and -300A airplanes. (2) Model Avro 146-RJ70A, 146-RJ85A, and 146-RJ100A airplanes.
2021-10-06	This AD applies to CFM International S.A. (CFM) LEAP-1B21, - 1B23, -1B25, -1B27, -1B28, -1B28B1, -1B28B2, -1B28B3, -1B28B2C, - 1B28BBJ1, and -1B28BBJ2 model turbofan engines with a pressure sub- system (PSS) unit with a serial number (S/N) listed in Additional Information, Paragraph 6.A. Table 1 of 
2021-09-05	This AD replaces AD 2016-08-20, Amendment 39-18497 (81 FR 26103, May 2, 2016).
2021-09-04	This AD applies to all Austro Engine GmbH E4 and E4P model diesel piston engines.
2021-09-09	This AD applies to Uninsured United Parachute Technologies, LLC Vector 3 SE parachute containers approved under Technical Standard Order C23b, part number Vector SE, with a date of manufacture after April 30, 2013, and before February 1, 2021, in any of the following sizes: V3SE-360-1, V3SE-360-2, V
2021-09-10	This AD applies to all Pratt & Whitney (PW) JT9D-3A, JT9D-7, JT9D-7A, JT9D-7AH, JT9D-7F, JT9D-7H, JT9D-7J, JT9D-7Q, JT9D-7Q3, JT9D-7R4D, JT9D-7R4D1, JT9D-7R4E, JT9D-7R4E1, JT9D-7R4E4, JT9D- 7R4G2, JT9D-7R4H1, JT9D-20, JT9D-20J, JT9D-59A, and JT9D-70A (JT9D) model turbofan engines.
2021-08-01	This AD applies to Rolls-Royce Deutschland Ltd & Co KG (Type Certificate previously held by Rolls-Royce plc) RB211 Trent 768-60, RB211 Trent 772-60, and RB211 Trent 772B-60 model turbofan engines equipped with: (1) Low-pressure compressor (LPC) blade, with part number (P/N) FW23741 or P/N KH23403, a
2021-08-15	This AD applies to Garmin International GMN-00962 GTS processor units, part number 011-02571-0( ), with software version 3.13 or earlier, except software version 3.12.1, installed on airplanes certificated in any category. These units are marketed as the GTS 825, GTS 855, or GTS 8000.
2021-08-07	This AD applies to Rockwell Collins, Inc. GPS-4000S Global Positioning System (GPS) part number (P/N) 822-2189-100 installed on airplanes, certificated in any category.
2021-07-10	This AD applies to MHI RJ Aviation ULC airplanes identified in paragraphs (c)(1) and (2) of this AD, certificated in any category. (1) Model CL-600-2C10 (Regional Jet Series 700, 701 & 702) airplanes and Model CL-600-2C11 (Regional Jet Series 550) airplanes having serial numbers (S/Ns) 10082, 10135,
2021-07-10	This AD applies to MHI RJ Aviation ULC airplanes identified in paragraphs (c)(1) and (2) of this AD, certificated in any category. (1) Model CL-600-2C10 (Regional Jet Series 700, 701 & 702) airplanes and Model CL-600-2C11 (Regional Jet Series 550) airplanes having serial numbers (S/Ns) 10082, 10135,
2021-07-10	This AD applies to MHI RJ Aviation ULC airplanes identified in paragraphs (c)(1) and (2) of this AD, certificated in any category. (1) Model CL-600-2C10 (Regional Jet Series 700, 701 & 702) airplanes and Model CL-600-2C11 (Regional Jet Series 550) airplanes having serial numbers (S/Ns) 10082, 10135,
2021-07-13	This AD becomes effective May 11, 2021.
2021-07-11	This AD applies to Rolls-Royce Deutschland Ltd & Co KG (Type Certificate previously held by Rolls-Royce plc) (RRD) Trent 1000-A2, 1000-AE2, 1000-C2, 1000-CE2, 1000-D2, 1000-E2, 1000-G2, 1000-H2, 1000-J2, 1000-K2, and 1000-L2 model turbofan engines with a low- pressure turbine (LPT) stage 3 disk with
2021-05-16	This AD applies to Pratt & Whitney Division (PW) PW4164, PW4164- 1D, PW4168, PW4168-1D, PW4168A, PW4168A-1D, and PW4170 model turbofan engines with low-pressure turbine (LPT) 4th-stage air sealing ring segment assemblies, part number (P/N) 50N463-01 or P/N 50N526-01, installed.
2021-07-15	This AD replaces AD 82-20-05, Amendment 39-4466 (47 FR 43018, September 30, 1982).
2021-05-21	This AD replaces AD 2017-23-08, Amendment 39-19102; (82 FR 55752, November 24, 2017) (AD 2017-23-08).
2021-06-05	This AD replaces AD 2017-07-08, Amendment 39-18846 (82 FR 16895, April 7, 2017).
2021-07-08	This AD replaces AD 97-26-02, Amendment 39-10245 (62 FR 65749, December 16, 1997).
2021-05-14	This AD applies to Air Tractor, Inc., (Air Tractor), Models AT- 250, AT-300, AT-301, AT-302, AT-400, AT-400A, AT-401, AT-401A, AT- 401B, AT402, AT-402A, AT-402B, AT-501, AT-502, AT-502A, AT-502B, AT- 503, AT-503A, AT-504, AT-602, AT-802, and AT-802A airplanes, all serial numbers, certificated in any
2021-05-18	This AD applies to all International Aero Engines AG (IAE) V2500-A1, V2522-A5, V2524-A5, V2525-D5, V2527-A5, V2527E-A5, V2527M- A5, V2528-D5, V2530-A5, V2531-E5, and V2533-A5 model turbofan engines.
2021-05-06	This AD becomes effective April 19, 2021.
2021-05-04	This AD becomes effective April 16, 2021.
2021-04-01	None.
2021-02-11	This AD becomes effective April 15, 2021.
2021-05-08	This AD applies to all Safran Helicopter Engines, S.A. (Type Certificate previously held by Turbomeca, S.A.) Arriel 2C, 2C1, 2S1, and 2S2 model turboshaft engines.
2021-05-51	This AD applies to Pratt & Whitney Division (PW) PW4074, PW4074D, PW4077, PW4077D, PW4084D, PW4090, and PW4090-3 model turbofan engines, with a 1st-stage low-pressure compressor (LPC) blade, with part number 52A241, 55A801, 55A801-001, 55A901, 55A901- 001, 56A201, 56A201-001, or 56A221, installed.
2021-04-12	This AD is effective April 12, 2021.
2021-05-22	This AD applies to Safran Helicopter Engines (Type Certificate previously held by Turbomeca, S.A.): (1) Arriel 1B, Arriel 1C, Arriel 1C2, and Arriel 1D1 model turboshaft engines with a Stage 2 HPT disk part number (P/N) 0292250400 and serial number (S/N) J915AD, J918AD, J919AD, J921AD, J923AD, J924A
2021-03-15	This AD replaces AD 2020-13-02, Amendment 39-21147 (85 FR 37551, June 23, 2020) (AD 2020-13-02).
2021-03-07	This AD becomes effective April 1, 2021.
2021-02-03	This AD becomes effective April 1, 2021.
2021-04-08	This AD becomes effective April 1, 2021.
2021-03-02	This AD applies to General Electric Company (GE) CF6-80C2A1, CF6-80C2A2, CF6-80C2A3, CF6-80C2A5, CF6-80C2A5F, CF6-80C2A8, CF6- 80C2B1, CF6-80C2B1F, CF6-80C2B2, CF6-80C2B2F, CF6-80C2B4, CF6- 80C2B4F, CF6-80C2B5F, CF6-80C2B6, CF6-80C2B6F, CF6-80C2B6FA, CF6- 80C2B7F, CF6-80C2B8F, and CF6-80C2D1F model 
2021-03-09	This AD applies to all The Boeing Company 727, 727C, 727-100, 727-100C, 727-200, and 727-200F series airplanes, certificated in any category.
2021-02-07	This AD applies to all General Electric Company (GE) GEnx-1B64, -1B64/P1, -1B64/P2, -1B67, -1B67/P1, -1B67/P2, -1B70, -1B70/75/P1, - 1B70/75/P2, -1B70/P1, -1B70/P2, -1B70C/P1, -1B70C/P2, -1B74/75/P1, - 1B74/75/P2, -1B76/P2, and -1B76A/P2 model turbofan engines.
2021-03-04	This AD becomes effective March 29, 2021.
2021-03-16	None.
2020-26-16	This AD applies to Piper Aircraft, Inc. (Piper) airplanes, certificated in any category, with a model and serial number shown in table 1 to paragraph (c) of this AD, and that meet at least one of the criteria in paragraphs (c)(1), (2), or (3) of this AD. Note 1 to the introductory text of paragraph 
2021-01-03	This AD applies to International Aero Engines AG (IAE) V2500-A1, V2522-A5, V2524-A5, V2525-D5, V2527-A5, V2527E-A5, V2527M-A5, V2528- D5, V2530-A5, V2531-E5, and V2533-A5 model turbofan engines with an installed: (1) High-pressure turbine (HPT) 1st-stage disk, part number (P/ N) 2A5001, with a seria
2020-26-14	This AD applies to all Mitsubishi Heavy Industries, Ltd. (Mitsubishi) Models MU-2B, MU-2B-10, MU-2B-15, MU-2B-20, MU-2B-25, MU-2B-26, MU-2B-26A, MU-2B-30, MU-2B-35, MU-2B-36, MU-2B-36A, MU-2B- 40, and MU-2B-60 airplanes, certificated in any category.
2020-25-13	This AD applies to CFM International, S.A. (CFM) LEAP-1A23, LEAP-1A24, LEAP-1A24E1, LEAP-1A26, LEAP-1A26CJ, LEAP-1A26E1, LEAP- 1A29, LEAP-1A29CJ, LEAP-1A30, LEAP-1A32, LEAP-1A33, LEAP-1A33B2, LEAP-1A35A model turbofan engines with a high-pressure turbine (HPT) stage 2 disk, part number (P/N) 2466M52
2020-24-08	This AD applies to Rolls-Royce Deutschland Ltd & Co KG (Type Certificate Previously Held by Rolls-Royce plc) (RRD) RB211 Trent 768-60, 772-60, 772B-60, and 772C-60 model turbofan engines with an engine serial number (ESN) identified in Table 1 or Table 2 of Appendix 1 of Rolls-Royce (RR) RB211 Trent
2020-25-10	(1) This AD applies to all General Electric Company (GE) GEnx- 1B64/P2, GEnx-1B67/P2, GEnx-1B70/75/P2, GEnx-1B70/P2, GEnx-1B70C/P2, GEnx-1B74/75/P2, GEnx-1B76/P2, and GEnx-1B76A/P2 model turbofan engines that have a high-pressure turbine (HPT) rotor stage 2 disk, part number (P/N) 2383M86P02, and a 
2020-26-06	This AD applies to Technify Motors GmbH (Type Certificate previously held by Thielert Aircraft Engines GmbH) TAE 125-02-99 and TAE 125-02-114 model reciprocating engines with engine serial number (S/N) 02-02-02793, 02-02-11120, 02-02-11424, 02-02-11425, 02-02- 11426, 02-02-11494, 02-02-11497, 02-02-
2020-25-09	This AD applies to all Pratt & Whitney Division (PW) PW4164, PW4164-1D, PW4168, PW4168-1D, PW4168A, PW4168A-1D, and PW4170 model turbofan engines that have 3rd stage low-pressure turbine (LPT) duct segments, part number (P/N) 50N434-01 or P/N 50N450-01 installed, and have the Talon IIB outer combust
2020-24-07	This AD replaces AD 2018-26-02, Amendment 39-19532 (83 FR 66093, December 26, 2018).
2020-25-01	This AD applies to the Textron Aviation Inc., (Textron) (type certificate previously held by Beechcraft Corporation) airplanes, certificated in any category, identified in table 1 to paragraph (c) of this AD: [GRAPHIC] [TIFF OMITTED] TR07DE20.006
2020-25-05	This AD applies to all Hoffmann GmbH & Co. KG (Hoffmann) model HO-V 72 propellers.
2020-25-04	This AD applies to all Rolls-Royce Deutschland Ltd. & Co KG (RRD) (Type Certificate previously held by Rolls-Royce plc) RB211- Trent 875-17, RB211-Trent 877-17, RB211-Trent 884-17, RB211-Trent 884B-17, RB211-Trent 892-17, RB211-Trent 892B-17, and RB211-Trent 895-17 model turbofan engines.
2020-24-03	This AD becomes effective December 16, 2020.
2020-23-03	This AD replaces AD 2017-09-05, Amendment 39-18867 (82 FR 21913, May 11, 2017).
2020-24-05	This AD applies to the following Piper Aircraft, Inc. model airplanes that are certificated in any category: [GRAPHIC] [TIFF OMITTED] TR23NO20.002
2020-24-06	This AD applies to Textron Aviation, Inc. (type certificate previously held by Cessna Aircraft Company) Models 525, 525A, and 525B airplanes, certificated in any category, with Tamarack active load alleviation system (ATLAS) winglets installed in accordance with Supplemental Type Certificate SA03842
2020-23-05	This AD replaces AD 2018-08-01, Amendment 39-19254 (83 FR 17617, April 23, 2018).
2020-23-06	This AD becomes effective December 24, 2020.
2020-23-07	This AD becomes effective December 4, 2020.
2020-23-08	This AD applies to Rolls-Royce Deutschland Ltd & Co KG (RRD) Tay 611-8C model turbofan engines, with low-pressure compressor (LPC) rotor blades, part number (P/N) JR58319, installed.
2020-22-18	This AD applies to all Rolls-Royce Corporation (RRC) (Type Certificate previously held by Allison Engine Company) AE 2100A, AE 2100D2, AE 2100D2A, and AE 2100P model turboprop engines.
2020-23-01	This AD applies to all GE Aviation Czech s.r.o. (GEAC) M601D-11, M601E-11, M601E-11A, M601E-11AS, M601E-11S, M601F, H75-200, H80-100, H80-200, and H85-200 model turboprop engines, with a fuel control unit (FCU) part number (P/N) and serial number (S/N) listed in Appendix 1--Affected Parts of GE Avia
2020-22-20	This AD becomes effective December 14, 2020.
2020-20-08	This AD becomes effective December 11, 2020.
2020-22-14	This AD applies to all Austro Engine GmbH model E4 and E4P diesel piston engines.
2020-21-23	This AD applies to Pilatus Aircraft Ltd. Models PC-12, PC-12/45, PC-12/47, and PC-12/47E airplanes, all serial numbers, certificated in any category, with a horizontal stabilizer rear attachment bolt part number (P/N) 555.10.12.139 marked with production order number FAUF 10169753, FAUF 10171067, or
2020-21-22	This AD applies to Textron Aviation Inc. (type certificate previously held by Cessna Aircraft Company) Models 180, 180A, 180B, 180C, 180D, 180E, 180F, 180G, 180H, 180J, 180K, 182, 182A, 182B, 182C, 182D, 185, 185A, 185B, 185C, 185D, 185E, A185E, and A185F airplanes, all serial numbers, certificated 
2020-21-15	This AD becomes effective December 7, 2020.
2020-22-02	This AD applies to all General Electric Company (GE) CF6- 80C2A5F, -80C2B1F, -80C2B2F, -80C2B4F, -80C2B5F, -80C2B6F, - 80C2B6FA, -80C2B7F, -80C2B8F, -80C2D1F, -80C2K1F, -80C2L1F, -80E1A2, -80E1A3, -80E1A4, and -80E1A4/B model turbofan engines with a hydromechanical unit (HMU) with a part number (P/N
2020-22-19	This AD becomes effective December 3, 2020.
2020-21-21	This AD becomes effective November 24, 2020.
2020-21-13	This AD applies to General Electric Company GE90-110B1 and GE90- 115B model turbofan engines with: (1) A high-pressure turbine (HPT) rotor stage 2 disk, part number (P/N) 2505M73P03, and serial number (S/N) TMT1BA38 or TMT1BA41, installed; or (2) A rotating compressor discharge pressure (CDP) HPT se
2020-20-17	This AD applies to all General Electric Company GE90-110B1 and GE90-115B model turbofan engines.
2020-20-14	This AD becomes effective October 23, 2020.
2020-21-01	This AD becomes effective November 12, 2020.
2020-18-01	This AD applies to the following Textron Aviation Inc. (type certificate previously held by Cessna Aircraft Company) model airplanes, certificated in any category: BILLING CODE 4910-13-P  [GRAPHIC] [TIFF OMITTED] TR07OC20.000  [GRAPHIC] [TIFF OMITTED] TR07OC20.001  BILLING CODE 4910-13-C
2020-20-13	This AD applies to General Electric Company (GE) CF6-80A, CF6- 80A1, CF6-80A2, CF6-80A3, CF6-80C2A1, CF6-80C2A2, CF6-80C2A3, CF6- 80C2A5, CF6-80C2A5F, CF6-80C2A8, CF6-80C2B1, CF6-80C2B1F, CF6- 80C2B2, CF6-80C2B2F, CF6-80C2B4, CF6-80C2B4F, CF6-80C2B5F, CF6- 80C2B6, CF6-80C2B6F, CF6-80C2B6FA, CF6-80C2
2020-20-07	This AD applies to all: (1) Rolls-Royce Deutschland Ltd & Co KG (RRD) (Type Certificate previously held by Rolls-Royce plc) Trent 1000-AE3, Trent 1000-CE3, Trent 1000-D3, Trent 1000-G3, Trent 1000-H3, Trent 1000-J3, Trent 1000-K3, Trent 1000-L3, Trent 1000-M3, Trent 1000-N3, Trent 1000-P3, Trent 100
2020-18-11	This AD defines the unsafe condition as the presence of sealant on a sliding door (door). This condition could result in the door failing to jettison, preventing helicopter occupants from exiting the helicopter during an emergency.
2020-20-12	This AD applies to General Electric Company GEnx-1B64, -1B64/P1, -1B64/P2, -1B67, -1B67/P1, -1B67P2, -1B70, -1B70/75/P1, -1B70/75/P2, -1B70/P1, -1B70/P2, -1B70C/P1, -1B70C/P2, -1B74/75/P1, -1B74/75/P2, -1B76/P2, and -1B76A/P2 model turbofan engines.
2020-20-11	This AD applies to all General Electric Company (GE) GEnx-1B64/ P2, -1B67/P2, -1B70/P2, -1B70C/P2, -1B70/75/P2, -1B74/75/P2, -1B76/ P2, -1B76A/P2, and GEnx-2B67/P model turbofan engines with: (1) a high-pressure turbine (HPT) rotor stage 2 disk, part number (P/N) 2383M86P02, having one of the follow
2020-19-06	This AD applies to the McCauley Propeller Systems (McCauley) governors specified in paragraph (c)(1) or (2) of this AD and installed on airplanes, certificated in any category. (1) Models listed in table 2 of McCauley Alert Service Bulletin No. ASB273C, dated January 30, 2019 (McCauley ASB273C) with
2020-20-03	This AD becomes effective November 3, 2020.
2020-20-02	This AD becomes effective November 3, 2020.
2020-20-04	This AD applies to all Rolls-Royce Corporation (RRC) AE 2100D3 model turboprop engines.
2020-20-06	This AD becomes effective October 30, 2020.
2020-18-20	This AD becomes effective October 28, 2020.
2020-19-05	This AD becomes effective October 8, 2020.
2020-19-02	This AD replaces AD 2000-22-19, Amendment 39-11967 (65 FR 68071, November 14, 2000) (``AD 2000-22-19'').
2020-19-11	This AD becomes effective October 27, 2020.
2020-19-07	This AD becomes effective October 27, 2020.
2020-18-09	This AD applies to all Honeywell International Inc. (Honeywell) ALF502L, ALF502L-2, ALF502L-2A, ALF502L-2C, ALF502L-3, ALF502R-3, ALF502R-3A, ALF502R-4, ALF502R-5, ALF502R-6, LF507-1F, and LF507-1H model turbofan engines.
2020-18-14	This AD applies to all General Electric Company (GE) GE90-110B1 and GE90-115B model turbofan engines with a high-pressure turbine (HPT) rotor stage 2 disk, part number 2505M73P03, and with a serial number listed in Appendix--A, Table 1, of GE GE90-100 Service Bulletin (SB) 72-0838, dated January 31,
2020-18-51	This AD applies to Sandia attitude indicator (attitude indicator) part number 306171-10 and 306171-20. These attitude indicators may be marked as BendixKing Model KI-300 or Sandia Model SAI-340A. They may be installed on airplanes certificated in any category.
2020-18-51	This AD applies to Sandia attitude indicator (attitude indicator) part number 306171-10 and 306171-20. These attitude indicators may be marked as BendixKing Model KI-300 or Sandia Model SAI-340A. They may be installed on airplanes certificated in any category.
2020-19-04	This AD becomes effective October 15, 2020.
2020-18-19	This AD supersedes AD 2014-12-07, Amendment 39-17868 (79 FR 35035, June 19, 2014).
2020-18-05	This AD applies to Pratt & Whitney Canada Corp. (P&WC) PT6B-37A model turboshaft engines with engine serial number PCE-PU0289 and earlier, which do not have an installed fuel control unit (FCU) that incorporates a stainless steel air adapter using P&WC Service Bulletin (SB) No. PT6B-72-39107, Revisi
2020-17-11	This AD replaces AD 2017-14-05, Amendment 39-18949 (82 FR 31899, July 11, 2017) (``AD 2017-14-05'').
2020-16-06	This AD applies to Aviat Aircraft Inc., Models A-1, A-1A, A-1B, A-1C-180, and A-1C-200 airplanes, all serial numbers, certificated in any category.
2020-16-11	This AD applies to Continental Aerospace Technologies, Inc. (Type Certificate previously held by Continental Motors, Inc.) model GTSIO-520-C, GTSIO-520-D, GTSIO-520-H, GTSIO-520-K, GTSIO-520-L, GTSIO-520-M, GTSIO-520-N, IO-550-G, IO-550-N, IO-550-P, IO-550-R, IOF-550-N, IOF-550-P, IOF-550-R, TSIO-52
2020-16-17	This AD applies to all Rolls-Royce Deutschland Ltd. & Co KG (Type Certificate previously held by Rolls-Royce plc) Trent XWB-75, Trent XWB-79, Trent XWB-79B, and Trent XWB-84 model turbofan engines.
2020-17-10	This AD replaces AD 2016-02-06, Amendment 39-18387 (81 FR 5367, February 2, 2016).
2020-16-09	This AD replaces AD 2009-25-09, Amendment 39-16128 (74 FR 66045, December 14, 2009).
2020-13-09	This AD applies to DG Flugzeugbau GmbH Models DG-500 Elan Orion, DG-500 Elan Trainer, DG-500/20 Elan, DG-500/22 Elan, DG-500M, and DG-500MB gliders, all serial numbers; and DG-1000S and DG-1000T gliders, serial numbers up to and including 10-144; certificated in any category.
2020-16-02	This AD applies to Pilatus Aircraft Ltd. (Pilatus) Models PC-6, PC-6/350, PC-6/350-H1, PC-6/350-H2, PC-6/A, PC-6/A-H1, PC-6/A-H2, PC-6/B-H2, PC-6/B1-H2, PC-6/B2-H2, PC-6/B2-H4, PC-6/C-H2, PC-6/C1- H2, PC-6-H1, and PC-6-H2 airplanes, all serial numbers, certificated in any category.  Note 1 to paragr
2020-16-13	This AD applies to Rolls-Royce Corporation (RRC) AE 3007A, AE 3007A1, AE 3007A1/1, AE 3007A1/2, AE 3007A1/3, AE 3007A1E, AE 3007A1P, and AE 3007A3 model turbofan engines with a 3rd-stage compressor wheel, part number (P/N) 23084158, and with a serial number listed in Figure 1 to paragraph (c) of thi
2020-16-10	This AD becomes effective September 3, 2020.
2020-15-12	This AD applies to Rolls-Royce Deutschland Ltd & Co KG (Type Certificate previously held by Rolls-Royce plc) Trent 1000-A2, Trent 1000-AE2, Trent 1000-C2, Trent 1000-CE2, Trent 1000-D2, Trent 1000- E2, Trent 1000-G2, Trent 1000-H2, Trent 1000-J2, Trent 1000-K2, and Trent 1000-L2 model turbofan engin
2020-15-13	This AD replaces AD 2017-02-07, Amendment 39-18786 (82 FR 10267, February 10, 2017).
2020-15-11	This AD becomes effective August 11, 2020.
2020-15-05	This AD applies to Austro Engine GmbH model E4 engines with serial numbers that have a ``-B'' or ``-C'' configuration and to model E4P engines, all serial numbers.
2020-15-04	(1) This AD applies to all GE Aviation Czech s.r.o. M601D-11, M601E-11, M601E-11A, M601E-11AS, M601E-11S, M601F, H75-100, H75-200, H80, H80-100, H80-200, H85-100, and H85-200 turboprop engines. (2) These engines are known to be installed on, but not limited to, Thrush Aircraft, Inc. (formerly Qualit
2020-15-03	This AD applies to all GE Aviation Czech s.r.o. M601D-11, M601E- 11, M601E-11A, M601E-11AS, M601E-11S, and M601F model turboprop engines.
2020-15-06	This AD becomes effective August 11, 2020.
2020-15-08	This AD applies to all Rolls-Royce Deutschland Ltd & Co KG (Type Certificate previously held by Rolls-Royce plc) Trent 1000-A, Trent 1000-A2, Trent 1000-AE, Trent 1000-AE2, Trent 1000-C, Trent 1000-C2, Trent 1000-CE, Trent 1000-CE2, Trent 1000-D, Trent 1000-D2, Trent 1000-E, Trent 1000-E2, Trent 100
2020-16-03	This AD becomes effective August 10, 2020.
2020-15-07	This AD applies to Rolls-Royce Deutschland Ltd & Co KG (type certificate formerly held by Rolls-Royce plc) RB211-524G2-19, RB211- 524G2-T-19, RB211-524G3-19, RB211-524G3-T-19, RB211-524H2-19, RB211- 524H2-T-19, RB211-524H-36 and RB211-524H-T-36 model turbofan engines with low-pressure turbine (LPT) 
2020-14-06	This AD applies to Diamond Aircraft Industries Inc. Models DA 40, DA 40 F, and DA 40 NG airplanes (including Model DA 40 NG airplanes that have been converted from the Model DA 40 D), all serial numbers, certificated in any category.
2020-15-01	This AD becomes effective August 17, 2020.
2020-14-04	This AD applies to all Rolls-Royce Deutschland Ltd. & Co KG (RRD) (Type Certificate previously held by Rolls-Royce plc) Trent 1000-A, Trent 1000-AE, Trent 1000-C, Trent 1000-CE, Trent 1000-D, Trent 1000-E, Trent 1000-G, and Trent 1000-H model turbofan engines.
2020-13-08	This AD applies to General Electric Company (GE) CF6-80E1A1, - 80E1A2,  -80E1A3, -80E1A4, and -80E1A4/B model turbofan engines.
2020-14-01	This AD is effective August 11, 2020.
2020-13-06	This AD applies to Pratt & Whitney Canada Corp. (P&WC) PW150A model turboprop engines with a high-pressure (HP) centrifugal impeller, part number (P/N) 3049127-01, installed.
2020-13-07	This AD applies to all Rolls-Royce Deutschland Ltd. & Co KG (Type Certificate previously held by Rolls-Royce plc) Trent 1000-D2, Trent 1000-J2, and Trent 1000-K2 model turbofan engines with fuel pump, part number (P/N) G5030FPU01, installed.
2020-13-02	This AD becomes effective July 8, 2020.
2020-13-04	This AD applies to all General Electric Company (GE) GEnx-1B and GEnx-2B model turbofan engines.
2020-12-07	This AD applies to all Hamilton Sundstrand Corporation (Hamilton  Sundstrand) model 54H60 propellers with a blade having a serial number (S/N) below S/N 813320.
2020-12-10	This AD replaces AD 2011-12-08, Amendment 39-16715 (76 FR 35334, June 17, 2011) (``AD 2011-12-08'').
2020-12-01	This AD applies to Rolls-Royce Deutschland Ltd. & Co KG (RRD) (Type Certificate previously held by Rolls-Royce plc) Trent XWB-75, XWB-79, XWB-79B, and XWB-84 model turbofan engines.
2020-12-03	This AD applies to all Rolls-Royce Deutschland Ltd. & Co KG (Type Certificate previously held by Rolls-Royce plc) Trent XWB-97 model turbofan engines.
2020-11-06	This AD applies to Pilatus Aircraft Ltd. Models PC-6, PC-6/350, PC-6/350-H1, PC-6/350-H2, PC-6/A, PC-6/A-H1, PC-6/A-H2, PC-6/B-H2, PC-6/B1-H2, PC-6/B2-H2, PC-6/B2-H4, PC-6/C-H2, PC-6/C1-H2, PC-6-H1, and PC-6-H2 airplanes, all serial numbers, certificated in any category, with a  left-hand or right-h
2020-11-02	This AD becomes effective June 25, 2020.
2020-10-05	This AD applies to Rockwell Collins, Inc. (Rockwell Collins) Pro Line 4 and Pro Line 21 Flight Management Systems installed on airplanes, certificated in any category, that has a flight management computer (FMC) with a Rockwell Collins part number (RCPN) listed in paragraph (c)(1) of this AD and wit
2020-10-04	This AD applies to all General Electric Company (GE) GE90-110B1 and GE90-115B model turbofan engines with an interstage high- pressure turbine (HPT) rotor seal with a part number and serial number listed in Table 1 of GE GE90-100 Alert Service Bulletin (ASB) 72-A0841 R00, dated February 26, 2020 (``
2020-10-02	This AD replaces AD 2011-12-07, Amendment 39-16714 (76 FR 35346, June 17, 2011).
2020-10-03	This AD applies to Weatherly Aircraft Company (Weatherly) Models 201, 201A, 201B, 201C, 620, 620A, 620B, 620B-TG, and 620TP airplanes, all serial numbers, certificated in any category.
2020-09-04	This AD applies to AERMACCHI S.p.A. Models F.260, F.260B, F.260C, F.260D, F.260E, and F.260F airplanes, all serial numbers, certificated in any category.
2020-09-03	This AD applies to International Aero Engines AG (IAE) V2500-A1, V2522-A5, V2524-A5, V2525-D5, V2527-A5, V2527E-A5, V2527M-A5, V2528- D5, V2530-A5, V2531-E5, and V2533-A5 model turbofan engines with diffuser case assembly, serial number PGGUBB8267, PGGUBB8271, PGGUA95825, PGGUA95827, or PGGUBB8264, 
2020-09-01	This AD replaces AD 2008-24-04, Amendment 39-15744 (73 FR 71530, November 25, 2008).
2020-07-22	This AD becomes effective May 5, 2020.
2020-08-10	This AD is effective May 22, 2020.
2020-08-04	This AD applies to International Aero Engines, LLC (IAE) PW1133G-JM, PW1133GA-JM, PW1130G-JM, PW1129G-JM, PW1127G-JM, PW1127GA-JM, PW1127G1-JM, PW1124G-JM, PW1124G1-JM, and PW1122G-JM model turbofan engines with low-pressure turbine (LPT) 3rd-stage blades, part number (P/N) 5387343, 5387493, 5387473
2020-08-02	This AD applies to Thales AVS France SAS (Thales) Global Positioning System/Satellite Based Augmentation System (GPS/SBAS) receivers, Topstar 200 LPV, part numbers (P/Ns) C17149JA02 and C17149HA01. These GPS/SBAS receivers are installed on, but not limited to, ATR-GIE Avions de Transport Régional (A
2020-08-03	This AD applies to Rolls-Royce Deutschland Ltd. & Co KG (RRD) (Type Certificate previously held by Rolls-Royce plc) RB211-535E4- 37, RB211-535E4-B-37, RB211-535E4-C-37, and RB-211-535E4-B-75 model turbofan engines except those with fan blades that have all incorporated Rolls-Royce (RR) Service Bulle
2020-07-51	This AD applies to all International Aero Engines AG (IAE) V2522-A5, V2524-A5, V2525-D5, V2527-A5, V2527E-A5, V2527M-A5, V2528- D5, V2530-A5, and V2533-A5 model turbofan engines with a high- pressure turbine (HPT) 1st-stage disk, part number (P/N) 2A5001 and serial number PKLBR37442, PKLBR38359, PKL
2020-08-01	This AD applies to General Electric Company (GE) CF34-1A, CF34- 3A, CF34-3A1, CF34-3A2, CF34-3B, and CF34-3B1 model turbofan engines having a fan blade with a part number listed in Planning Information, paragraph 1.A., of GE Service Bulletin (SB) CF34-AL S/B 72-0314, dated September 27, 2017 or of G
2020-06-12	This AD becomes effective May 11, 2020.
2020-06-13	This AD becomes effective May 11, 2020.
2020-06-16	This AD applies to Rolls-Royce Deutschland Ltd. & Co. KG (formerly Rolls-Royce plc) RB211 Trent 768-60, 772-60, and 772B-60 turbofan engines, with low-pressure (LP) compressor blade, part number (P/N) FK23411, FK25441, FK25968, FW11901, FW15393, FW23643, FW23741, FW23744, KH23403, or KH23404, instal
2020-07-02	This AD applies to all Pratt & Whitney PW1519G, PW1521G, PW1521G-3, PW1521GA, PW1524G, PW1524G-3, PW1525G, and PW1525G-3 model turbofan engines.
2020-06-11	This AD becomes effective April 28, 2020.
2020-05-23	This AD becomes effective April 24, 2020.
2020-06-02	This AD applies to International Aero Engines, LLC (IAE) PW1122G-JM, PW1124G1-JM, PW1124G-JM, PW1127GA-JM, PW1127G1-JM, PW1127G-JM, PW1133G-JM, PW1133GA-JM, PW1130G-JM, and PW1129G-JM model turbofan engines with low-pressure turbine (LPT) 3rd-stage blade, part number (P/N) 5387343, 5387493, 5387473 
2020-05-20	This AD becomes effective April 24, 2020.
2020-04-13	This AD applies to Quest Aircraft Design, LLC (type certificate data sheet currently held by Daher Aircraft Design, LLC) Model KODIAK 100 airplanes, serial numbers 100-0001 through 100-0273, certificated in any category.
2020-05-28	This AD applies to all International Aero Engines, LLC (IAE) PW1133G-JM, PW1133GA-JM, PW1130G-JM, PW1129G-JM, PW1127G-JM, PW1127GA-JM, PW1127G1-JM, PW1124G-JM, PW1124G1-JM, and PW1122G-JM model turbofan engines.
2020-04-21	This AD becomes effective March 31, 2020.
2020-06-01	This AD applies to all CFM International S.A. (CFM) LEAP-1B21, - 1B23, -1B25, -1B27, -1B28, -1B28B1, -1B28B2, -1B28B3, -1B28B2C, - 1B28BBJ1, and -1B28BBJ2 model turbofan engines.
2020-05-01	This AD applies to all Rolls-Royce Deutschland Ltd. & Co KG (RRD) (Type Certificate Previously Held by Rolls-Royce plc) Trent 1000-AE3, Trent 1000-CE3, Trent 1000-D3, Trent 1000-G3, Trent 1000- H3, Trent 1000-J3, Trent 1000-K3, Trent 1000-L3, Trent 1000-M3, Trent 1000-N3, Trent 1000-P3, Trent 1000-Q
2020-03-13	This AD becomes effective March 12, 2020.
2020-04-01	This AD applies to all Pratt & Whitney (PW) PW1519G, PW1521G, PW1521GA, PW1524G, PW1525G, PW1521G-3, PW1524G-3, PW1525G-3, PW1919G, PW1921G, PW1922G, PW1923G, and PW1923G-A model turbofan engines.
2020-03-16	This AD applies to Textron Aviation Inc. (type certificate previously held by Cessna Aircraft Company) Models 210G, T210G, 210H, T210H, 210J, T210J, 210K, T210K, 210L, T210L, 210M, and T210M airplanes, all serial numbers, certificated in any category.
2020-01-55	This AD applies to all General Electric Company (GE) GE90-110B1 and GE90-115B model turbofan engines with engine serial number 907150, 907152, 907176, 907179,  907192, 907266, 907270, 907301, 907320, 907337, 907344, 907370, 907371, 907405, 907686, or 907687.
2020-02-18	This AD applies to Gulfstream Aerospace Corporation Models GVI, GVII-G500, and GVII-G600 airplanes, all serial numbers, certificated in any category.
2020-02-11	This AD defines the unsafe condition as the failure of an inverter under instrument meteorological conditions or night flight. This condition could result in smoke in the cockpit, increased pilot workload due to the loss of primary flight and navigation displays, alternating current powered engine a
2020-02-17	This AD applies to Model S-70, S-70A, S-70C, S-70C(M), and S- 70C(M1) helicopters, certificated in any category, with a tail rotor (T/R) blade part number 70101-31000 (all dash numbers) with a serial number (S/N) up to and including A009-08915. Note 1 to paragraph (c) of this AD: Each T/R blade is m
2019-25-13	This AD applies to Engine Alliance (EA) GP7270 and GP7277 model turbofan engines with low-pressure compressor (LPC) 1st-stage fan blades, part number (P/N) 5700531, 5702931, 5702931CL1, or 5702931CL2, installed.
2019-22-08	This AD becomes effective January 7, 2020.
2019-23-09	This AD becomes effective January 10, 2020.
2019-25-01	This AD applies to International Aero Engines, LLC (IAE LLC) PW1122G-JM, PW1124G-JM, PW1124G1-JM, PW1127G1-JM, PW1127GA-JM, PW1127G-JM, PW1129G-JM, PW1130G-JM, PW1133GA-JM, PW1133G-JM model turbofan engines with an engine serial number listed in paragraphs (g)(1) through (4) of this AD and with low-
2019-21-51	This AD applies to all General Electric Company (GE) GE90-115B model turbofan engines with engine serial numbers 907451, 907464, 907504, 907564, 907574, 907599, 907601, and 907618.
2019-22-03	This AD applies to Pratt & Whitney Canada Corp. (P&WC) PT6B-37A turboshaft engines with serial number (S/N) PCE-PU0275 or earlier or with engine S/N PCE-PU0278.
2019-22-05	This AD applies to all General Electric Company (GE) CF34-8C1, CF34-8C5, CF34-8C5A1, CF34-8C5B1, CF34-8C5A2, and CF34-8C5A3 model turbofan engines.
2019-21-09	(1) This AD applies to Aviointeriors S.p.A. (Aviointeriors) Centaurus Economy Class 13E, 13H, and 13K passenger seats with a seat part number (P/N) listed in Figure 1 to paragraph (c)(1) of this AD, with life vest pouch, P/N 313907100004, installed. BILLING CODE 4910-13-P  [GRAPHIC] [TIFF OMITTED] T
2019-21-06	(1) This AD applies to: (i) Ipeco Holdings Limited (Ipeco) pilot and co-pilot seats with a part number (P/N) listed in Paragraph 1.A., Planning Information, Tables 1 and 2, of Ipeco Service Bulletin (SB) Number 063-25-14, Revision 00, dated August 14, 2018, and (ii) Ipeco pilot seat P/N 3A063-0099-0
2019-19-13	This AD becomes effective November 5, 2019.
2019-20-03	This AD applies to the airplanes identified in figure 1 to paragraph (c) of this AD, certificated in any category, having an affected part (defined in paragraph (g) of this AD) installed as specified in the applicable service information identified in figure 1 to paragraph (c) of this AD. BILLING CO
2019-20-05	This AD applies to Rolls-Royce Deutschland Ltd. & Co KG (Type Certificate previously held by Rolls-Royce plc) (RRD) Trent 1000-A, Trent 1000-A2, Trent 1000-AE, Trent 1000-AE2, Trent 1000-AE3, Trent 1000-C, Trent 1000-C2, Trent 1000-CE, Trent 1000-CE2, Trent 1000- CE3, Trent 1000-D, Trent 1000-D2, Tr
2019-19-11	This AD applies to Pratt & Whitney Models PW1519G, PW1521G, PW1521GA, PW1524G, PW1525G, PW1521G-3, PW1524G-3, PW1525G-3, PW1919G, PW1921G, PW1922G, PW1923G, and PW1923G-A turbofan engines that have accumulated fewer than 300 flight cycles.
2019-18-09	This AD applies to all airplanes specified in paragraphs (c)(1) and (2) of this AD, certificated in any category. (1) Lockheed Martin Corporation/Lockheed Martin Aeronautics Company Model 382, 382B, 382E, 382F, and 382G airplanes. (2) The airplanes specified in paragraphs (c)(2)(i) through (x), type
2019-18-09	This AD applies to all airplanes specified in paragraphs (c)(1) and (2) of this AD, certificated in any category. (1) Lockheed Martin Corporation/Lockheed Martin Aeronautics Company Model 382, 382B, 382E, 382F, and 382G airplanes. (2) The airplanes specified in paragraphs (c)(2)(i) through (x), type
2019-18-09	This AD applies to all airplanes specified in paragraphs (c)(1) and (2) of this AD, certificated in any category. (1) Lockheed Martin Corporation/Lockheed Martin Aeronautics Company Model 382, 382B, 382E, 382F, and 382G airplanes. (2) The airplanes specified in paragraphs (c)(2)(i) through (x), type
2019-18-09	This AD applies to all airplanes specified in paragraphs (c)(1) and (2) of this AD, certificated in any category. (1) Lockheed Martin Corporation/Lockheed Martin Aeronautics Company Model 382, 382B, 382E, 382F, and 382G airplanes. (2) The airplanes specified in paragraphs (c)(2)(i) through (x), type
2019-18-09	This AD applies to all airplanes specified in paragraphs (c)(1) and (2) of this AD, certificated in any category. (1) Lockheed Martin Corporation/Lockheed Martin Aeronautics Company Model 382, 382B, 382E, 382F, and 382G airplanes. (2) The airplanes specified in paragraphs (c)(2)(i) through (x), type
2019-18-08	This AD applies to all Engine Alliance (EA) GP7270 and GP7277 model turbofan engines.
2019-18-02	This AD becomes effective October 16, 2019.
2019-18-01	This AD applies to International Aero Engines AG V2522-A5, V2524-A5, V2527-A5, V2527E-A5, V2527M-A5, V2530-A5, and V2533-A5 model turbofan engines with the following engine serial numbers: V10631, V12329, V12494, V13107, V18679, V18681, V18684, and V18690.
2019-17-02	This AD becomes effective September 25, 2019.
2019-16-14	This AD applies to all Rolls-Royce Deutschland Ltd. & Co KG (RRD) Trent 1000-A, Trent 1000-AE, Trent 1000-C, Trent 1000-CE, Trent 1000-D, Trent 1000-E, Trent 1000-G, and Trent 1000-H turbofan model engines.
2019-16-15	This AD applies to Pratt & Whitney (PW) PW1519G, PW1521G, PW1521GA, PW1524G, PW1525G, PW1521G-3, PW1524G-3, PW1525G-3, PW1919G, PW1921G, PW1922G, PW1923G, and PW1923G-A model turbofan engines.
2019-15-06	This AD applies to all Engine Alliance (EA) GP7270, GP7272, and GP7277 model turbofan engines.
2019-16-04	This AD applies to all Engine Alliance (EA) GP7270 and GP7277 model turbofan engines.
2019-16-01	This AD applies to all International Aero Engines AG (IAE) V2525-D5 and V2528-D5 model turbofan engines.
2019-15-10	(1) This AD applies to Safran Aerosystems life jackets with part number (P/N) 210225-2, P/N 216200-0, or P/N 216203-0, and with a serial number listed in Table 1 of Zodiac Aerospace Services Service Bulletin (SB) 25-65-33, Revision 02, dated March 15, 2019, that are not marked with ``Mod.per SB 25-6
2019-16-02	This AD applies to all GE Honda Aero Engines (GHAE) HF120 model turbofan engines with fuel pump metering unit (FPMU) assembly, part number (P/N) 24100-Q0A-F000, installed.
2019-15-05	This AD applies to all Rolls-Royce Deutschland Ltd & Co KG (RRD) Trent 1000-AE3, Trent 1000-CE3, Trent 1000-D3, Trent 1000-G3, Trent 1000-H3, Trent 1000-J3, Trent 1000-K3, Trent 1000-L3, Trent 1000-M3, Trent 1000-N3, Trent 1000-P3, Trent 1000-Q3 and Trent 1000-R3 engines.
2019-14-05	(1) This AD applies to B/E Aerospace Fischer GmbH (B/E Aerospace Fischer) Common Seats 170/260 H160 with a part number and serial number combination listed in Annex A to B/E Aerospace Fischer Alert Service Bulletin (ASB) No. SB0718-004, Issue A, dated June 26, 2018. (2) These seats are known to be i
2019-13-05	This AD is effective August 29, 2019.
2019-13-03	This AD applies to: (1) Trig Avionics Limited TT31 Mode S transponders, part number (P/N) 00220-00-01 and P/N 00225-00-01, with a serial number (S/N) from 05767 to S/N 09715 inclusive, and Modification (Mod) Level 6 or below, installed. (2) Avidyne Corporation AXP340 Mode S transponders, P/N 200- 00
2019-14-01	This AD applies to Rolls-Royce Deutschland Ltd & Co KG (RRD) TAY 650-15 and TAY 651-54 turbofan engines with low-pressure compressor (LPC) fan blade module M01300AA or M01300AB, installed.
2019-12-15	This AD is effective August 2, 2019.
2019-12-14	This AD becomes effective August 2, 2019.
2019-12-06	This AD becomes effective July 30, 2019.
2019-12-05	This AD applies to: (1) CFM International S.A. (CFM) CFM56-5B1, -5B2, -5B4, -5B5, - 5B6, -5B7, -5B1/P, -5B2/P, -5B3/P, -5B4/P, -5B5/P, -5B6/P, -5B7/P, - 5B8/P, -5B9/P, -5B3/P1, -5B4/P1, -5B1/2P, -5B2/2P, -5B3/2P, -5B4/2P, -5B6/2P, -5B9/2P, -5B3/2P1, -5B4/2P1, -7B20, -7B22, -7B24, -7B26, - 7B27, -7B2
2019-12-01	This AD applies to all CFM International S.A. (CFM) LEAP-1B21, - 1B23, -1B25, -1B27, -1B28, -1B28B1, -1B28B2, -1B28B3, -1B28B2C, - 1B28BBJ1, and -1B28BBJ2 model turbofan engines with radial drive shaft (RDS) bearing, part number (P/N) 92D08200 or P/N 92D08201, installed.
2019-10-06	This AD applies to Aviat Aircraft Inc. (Aviat) Models A-1C-180 and A-1C-200 airplanes, serial numbers 3181 through 3282, certificated in any category, that are equipped with a Rapco part number (P/N) RA1798-00-1 fuel vent check valve on one or both wings.
2019-11-07	This AD applies to all Rolls-Royce plc (RR) RB211-524G2-19, RB211-524G2-T-19, RB211-524G3-19, RB211-524G3-T-19, RB211-524H2-19, RB211-524H2-T-19, RB211-524H-36 and RB211-524H-T-36 engines.
2019-11-08	This AD applies to all International Aero Engines, LLC (IAE) PW1133G-JM, PW1133GA-JM, PW1130G-JM, PW1129G-JM, PW1127G-JM, PW1127GA-JM, PW1127G1-JM, PW1124G-JM, PW1124G1-JM, and PW1122G-JM model turbofan engines.
2019-11-04	This AD is effective July 12, 2019.
2019-11-05	This AD replaces AD 2015-22-02, Amendment 39-18306 (80 FR 65618, October 27, 2015).
2019-10-07	This AD applies to Pilatus Aircraft Ltd. Models PC-6, PC-6/350, PC-6/350-H1, PC-6/350-H2, PC-6/A, PC-6/A-H1, PC-6/A-H2, PC-6/B-H2, PC-6/B1-H2, PC-6/B2-H2, PC-6/B2-H4, PC-6/C-H2, PC-6/C1-H2, PC-6-H1, PC-6-H2 airplanes, all serial numbers, certificated in any category.  Note 1 to paragraph (c): These 
2019-10-04	This AD applies to: (1) BRP-Rotax GmbH & Co KG (Rotax) 912 F2, 912 F3, and 912 F4 engines, with serial number (S/N) 4 413 066 to 4 413 067, inclusive; and S/N 4 413 101 to 4 413 111, inclusive; (2) Rotax 912 S2, 912 S3, and 912 S4 engines, with S/Ns 9 563 826 to 9 563 849, inclusive; S/Ns 9 564 301 
2019-10-05	This AD applies to Viking Air Limited (type certificate previously held by Bombardier Inc.; de Havilland, Inc.) Models DHC- 6-1, DHC-6-100, DHC-6-200, DHC-6-300, and DHC-6-400 airplanes, all serial numbers, certificated in any category.
2019-09-04	This AD is effective July 3, 2019.
2019-08-13	This AD applies to Textron Aviation, Inc. (type certificate previously held by Cessna Aircraft Company) Models 525, 525A, and 525B airplanes, certificated in any category, with Tamarack active load alleviation system (ATLAS) winglets installed in accordance with Supplemental Type Certificate (STC) S
2019-09-03	This AD becomes effective June 24, 2019.
2019-08-10	This AD becomes effective June 24, 2019.
2019-07-10	This AD affects AD 2010-26-09, Amendment 39-16548 (75 FR 81424, December 28, 2010) (``AD 2010-26-09''). Accomplishing a certain requirement of this AD terminates the requirements of AD 2010-26-09.
2019-07-09	This AD applies to Rolls-Royce plc (RR) Trent 1000-A2, Trent 1000-AE2, Trent 1000-C2, Trent 1000-CE2, Trent 1000-D2, Trent 1000- E2, Trent 1000-G2, Trent 1000-H2, Trent 1000-J2, Trent 1000-K2, and Trent 1000-L2 model turbofan engines with intermediate-pressure compressor (IPC) rotor seal, part numbe
2019-07-07	This AD becomes effective May 24, 2019.
2019-07-02	This AD becomes effective May 17, 2019.
2019-07-03	This AD applies to all Zodiac Seats France, 536-Series Cabin Attendant Seats, part number (P/N) 53600, all dash numbers, all serial numbers. These appliances are installed on, but not limited to: Avions de transport regional (ATR) 42 and ATR 72 model airplanes of U.S. registry.
2019-06-02	This AD applies to Pratt & Whitney Division PW4158 turbofan engines designated by a -3 on the Engine Data Plate and with the following engine serial numbers: 728534 to 728555; 728557 to 728585; 728587 to 728591; 728593; 728598; 729808 to 729824; or 729826 to 729864.
2019-06-01	This AD applies to International Aero Engines (IAE) PW1133G-JM, PW1133GA-JM, PW1130G-JM, PW1127G-JM, PW1127GA-JM, PW1127G1-JM, PW1124G-JM, PW1124G1-JM, and PW1122G-JM turbofan engines with a low- pressure turbine (LPT) 3rd-stage disk with a serial number (S/N) listed in Figure 1 to paragraph (g) of 
2019-04-01	This AD applies to HPH s. r.o. Models Glasfügel 304C, Glasfügel 304CZ, and Glasfügel 304CZ-17 gliders, all serial numbers, certificated in any category, with a center of gravity (C.G.) tow release installed.
2019-06-05	This AD becomes effective May 7, 2019.
2019-06-04	This AD becomes effective May 7, 2019.
2019-06-07	This AD applies to Pratt & Whitney Division (PW): (1) PW4164, PW4168, and PW4168A model turbofan engines that have fuel nozzles, part number (P/N) 51J345, installed, and that have any of the following installed: Talon IIB combustion chamber per Pratt & Whitney Service Bulletin (SB) PW4G-100-72-214, 
2019-06-06	This AD applies to International Aero Engines AG (IAE) V2500-A1, V2522-A5, V2524-A5, V2525-D5, V2527-A5, V2527E-A5, V2527M-A5, V2528- D5, V2530-A5, V2533-A5 turbofan engines.
2019-06-02	This AD applies to Pratt & Whitney Division PW4158 turbofan engines designated by a-3 on the Engine Data Plate and with the following engine serial numbers: 728534 to 728555; 728557 to 728585; 728587 to 728591; 728593; 728598; 729808 to 729824; or 729826 to 729864.
2019-06-01	This AD applies to International Aero Engines (IAE) PW1133G-JM, PW1133GA-JM, PW1130G-JM, PW1127G-JM, PW1127GA-JM, PW1127G1-JM, PW1124G-JM, PW1124G1-JM, and PW1122G-JM turbofan engines with a low- pressure turbine (LPT) 3rd-stage disk with a serial number (S/N) listed in Figure 1 to paragraph (g) of 
2019-05-13	This AD applies to Model A300-600 and A310 series airplanes.
2019-05-07	This AD applies to all Honeywell International Inc. (Honeywell) TFE731-20R, -20AR, -20BR, and TFE731-40, -40AR, -40BR, and -40R turbofan engines with a fan disk part number (P/N) 3060287-2 and with a serial number (S/N) listed in Table 9 of Honeywell Service Bulletin (SB) TFE731-72-5256, Revision 0,
2019-05-06	This AD becomes effective April 17, 2019.
2019-05-05	This AD replaces AD 97-26-03, Amendment 39-10246 (62 FR 65750, December 16, 1997).
2019-05-03	This AD becomes effective March 28, 2019.
2019-05-04	This AD becomes effective April 17, 2019.
2019-05-02	This AD applies to all Rolls-Royce plc (RR) RB211-Trent 970-84 and RB211-Trent 972-84 turbofan engines with a drains mast, part number (P/N) KH31996 or FW29847, installed.
2019-05-01	This AD applies to all Pratt & Whitney (PW) PW2037, PW2037D, PW2037M, PW2040, PW2040D, PW2043, PW2143, PW2643, and F117-PW-100 turbofan engines.
2019-03-12	This AD becomes effective April 11, 2019.
2018-22-11	This AD applies to Safran Helicopter Engines, S.A. (Safran Helicopter Engines), ASTAZOU XIV B and H model engines with the 3rd- stage turbine wheels specified in Figure 1 to paragraph (c) of this AD installed.  Figure 1 to Paragraph (c) of This AD--3rd-Stage Turbine Wheels Part Nos. Serial Nos.  0 2
2018-21-14	This AD applies to Zodiac Aerotechnics (Zodiac) MC10 series crew oxygen mask regulators fitted with an inflatable harness assembly, part number (P/N) MXH20-1 or MXH21-1.
2019-03-04	This AD applies to Engine Alliance (EA) GP7270 and GP7277 model turbofan engines with engine fan hub assembly, part number (P/N) 5760221 or P/N 5760321, installed.
2019-03-05	This AD becomes effective March 26, 2019.
2019-02-04	This AD applies to Engine Alliance (EA) GP7270, GP7272, and GP7277 turbofan engines, with a high-pressure turbine (HPT) stator case (HPT case), part number (P/N) 2060M40G02 or 2137M29G01 installed, and with HPT case serial numbers (S/Ns) listed in Planning Information, Table 1, of Engine Alliance Al
2019-02-01	This AD applies to General Electric Company (GE) GEnx-1B54, - 1B58, -1B64, -1B67, -1B70, -1B54/P1, -1B58/P1, -1B64/P1, -1B67/P1, - 1B70/P1, -1B54/P2, -1B58/P2, -1B64/P2, -1B67/P2, -1B70/P2, -1B70C/ P1, -1B70/72/P1, -1B70/75/P1, -1B74/75/P1, -1B75/P1, -1B70C/P2, - 1B70/72/P2, -1B70/75/P2, -1B74/75/P2
2018-24-01	This AD applies to International Aero Engines (IAE) PW1133G-JM, PW1133GA-JM, PW1130G-JM, PW1127G-JM, PW1127GA-JM, PW1127G1-JM, PW1124G-JM, PW1124G1-JM, and PW1122G-JM turbofan engines with a low- pressure turbine (LPT) 3rd-stage disk with a serial number (S/N) listed in Figure 1 to paragraph (g) of 
2018-22-07	This AD applies to all Engine Alliance (EA) GP7270, GP7272, and GP7277 model turbofan engines.
2018-26-01	This AD applies to CFM International S.A.(CFM) CFM56-7B20, CFM56-7B22, CFM56-7B22/B1, CFM56-7B24, CFM56-7B24/B1, CFM56-7B26, CFM56-7B26/B2, CFM56-7B27, CFM56-7B27A, CFM56-7B26/B1, CFM56-7B27/ B1, CFM56-7B27/B3, CFM56-7B20/2, CFM56-7B22/2, CFM56-7B24/2, CFM56- 7B26/2, CFM56-7B27/2, CFM56-7B20/3, CFM5
2018-23-12	This AD applies to Zodiac Aero Evacuation Systems (also known as Air Cruisers Company) fusible plugs installed on emergency evacuation equipment identified in the service information specified in paragraphs (c)(1) through (c)(16) of this AD. These affected fusible plugs might be installed on the eme
2018-26-02	This AD replaces AD 2016-25-19, Amendment 39-18745 (81 FR 95854, December 29, 2016).
2018-25-17	This AD becomes effective January 22, 2019.
2018-25-09	This AD applies to all CFM International S.A. (CFM) LEAP-1B21, - 1B23, -1B25, -1B27, -1B28, -1B28B1, -1B28B2, -1B28B2C, -1B28B3, - 1B28BBJ1, and -1B28BBJ2 turbofan engines.
2018-25-01	This AD applies to all Rolls Royce plc (RR) Trent 1000-A, Trent 1000-C, Trent 1000-D, Trent 1000-E, Trent 1000-G, and Trent 1000-H turbofan engine models.
2018-24-06	This AD becomes effective January 4, 2019.
2018-21-12	This AD applies to General Electric Company (GE) GEnx-2B67, - 2B67B, and -2B67/P turbofan engines with top main fuel manifolds, part numbers (P/Ns) 2419M11G01, 2561M11G01, or 2546M11G01, or lower fuel manifolds, P/Ns 2419M12G01, 2561M12G01, or 2546M12G01, installed.
2018-20-01	This AD applies to CFM International S.A. (CFM) LEAP-1B21, LEAP- 1B23, LEAP-1B25, LEAP-1B27, LEAP-1B28, LEAP-1B28B1, LEAP-1B28B2, LEAP-1B28B2C, LEAP-1B28B3, LEAP-1B28BBJ1, and LEAP-1B28BBJ2 turbofan engines with a high-pressure turbine (HPT) stator case (HPT case), part number (P/N) 2541M81G01 insta
2018-23-01	(1) This AD applies to all Zodiac Seats France Cabin Attendant Seats, 536 Series, part numbers (P/N) 53600, all dash numbers, and all serial numbers, with seat pan P/N F0433453, installed. (2) These appliances are installed on, but not limited to, ATR 42 and ATR 72 airplanes of U.S. registry.
2018-23-12	This AD applies to Zodiac Aero Evacuation Systems (also known as Air Cruisers Company) fusible plugs installed on emergency evacuation equipment identified in the service information specified in paragraphs (c)(1) through (c)(16) of this AD. These affected fusible plugs might be installed on the eme
2013-21-05R1	This AD replaces AD 2013-21-05, Amendment 39-17629 (78 FR 65169, October 31, 2013).
2018-22-05	This AD applies to Engine Alliance (EA) GP7270, GP7272, and GP7277 turbofan engines, with a high-pressure turbine (HPT) stator case (HPT case), part number (P/N) 2060M40G02 or 2137M29G01 installed, and with HPT case serial numbers (S/Ns) listed in Planning Information, Table 1, of EA Alert Service B
2018-22-02	This AD applies to International Aero Engines (IAE) PW1133G-JM, PW1133GA-JM, PW1130G-JM, PW1127G-JM, PW1127GA-JM, PW1127G1-JM, PW1124G-JM, PW1124G1-JM, and PW1122G-JM turbofan engines with a high-pressure compressor (HPC) front hub, part number (P/N) 30G2401, installed.
2018-21-10	This AD applies to International Aero Engines (IAE) PW1133G-JM, PW1133GA-JM, PW1130G-JM, PW1127G-JM, PW1127GA-JM, PW1127G1-JM, PW1124G-JM, PW1124G1-JM, and PW1122G-JM turbofan engines with engine serial numbers (ESNs) P770450 through P770614, and with diffuser case air seal assembly part number (P/N
2018-21-06	This AD applies to SOCATA airplanes listed in the following groups, certificated in any category: (1) Group 1 airplanes: Model TB 9, all manufacturer serial numbers (MSN); and Model TB 10, MSN 001 through 803, 805, 806, 809 through 815, and 820 through 822; and (2) Group 2 airplanes: Model TB 10, MS
2018-22-01	This AD applies to Honeywell International Inc. (Honeywell) TPE331-8, -10, -10N, -10R, -10U, -10UA, -10UF, -10UG, -10UGR, -10UR, and -11U turboprop engines with second stage turbine rotor assemblies, part number (P/Ns) 3102106-1, -6, and -8 or P/N 3101514- 1, -10 and -12, installed.
2018-21-11	This AD applies to all Pratt & Whitney Division (PW) PW4074D, PW4077D, PW4084D, PW4090, and PW4090-3 turbofan engines with low- pressure compressor (LPC) fan hub, part number (P/N) 51B821 or P/N 52B521, installed.
2018-22-06	This AD applies to all Pratt & Whitney (PW) PW2037, PW2037M, and PW2040 turbofan engines with JFC104-1 fuel control units (FCUs) with serial numbers listed in the Accomplishment Instructions, FCU Serial Number List, of PW Alert Service Bulletin PW2000 A73-172, dated October 16, 2017.
2018-20-22	(1) This AD applies to General Electric Company (GE) GE90-110B1, GE90-113B, and GE90-115B turbofan engines with a case combustor assembly (combustion case), part number (P/N) 2063M37G01 or 2082M19G04, installed with combustion case serial number (S/N) listed in: (i) Table 1 in paragraph 1.A., Planni
2018-20-23	This AD applies to General Electric Company (GE) GE90-110B1 and GE90-115B turbofan engines with HPC rotor stage 2-5 spools, with: (1) A serial number (S/N) listed in either, paragraph 4, Appendix A of GE Service Bulletin (SB) No. GE90-100 SB 72-0499 R01, dated February 5, 2014; in paragraph 4, Appen
2018-18-02	This AD applies to Austro Engine GmbH model E4 engines with serial numbers that have a ``-B'' or ``-C'' configuration and to model E4P engines, all serial numbers.
2018-21-04	This AD applies to Glasflugel Models Club Libelle 205, H 301 ``Libelle,'' H 301B ``Libelle,'' Kestrel, Mosquito, Standard ``Libelle,'' and Standard Libelle-201B gliders, certificated in any category, with a center of gravity (C.G.) tow release installed.
2018-21-15	This AD replaces AD 2017-13-03, Amendment 39-18933 (82 FR 28397, June 22, 2017).
2018-16-51	This AD requires the same actions as Emergency AD 2018-16-51, dated July 26, 2018, which superseded Emergency AD 2018-15-51, dated July 20, 2018.
2018-21-01	This AD applies to Honeywell International Inc. (Honeywell) AS907-1-1A turbofan engines with second stage low-pressure turbine (LPT2) rotor blades, part number 3035602-1, installed, that have more than 8,000 hours since new on November 9, 2017 (the effective date of AD 2017-20-06).
2018-19-15	(1) This AD applies to certain GEVEN S.p.A. (Geven) Type D1-02 (also known as ``Lightweight AFT facing seats'') and D1-03 (also known as ``Lightweight'' Classic and Prestige) in-arm table, standard, and last row seats, with part numbers (P/Ns) and Effectivity Codes listed in Table 1.1.1 of Geven Ser
2018-19-22	This AD applies to all General Electric Company (GE) CF34-10A16, CF34-10E2A1, CF34-10E5, CF34-10E5A1, CF34-10E6, CF34-10E6A1, CF34- 10E7, and CF34-10E7-B turbofan engines with high-pressure turbine (HPT) front rotating air seals listed in Appendices A and B, of GE CF34-10E Service Bulletin (SB) 72-0
2018-19-16	This AD applies to all CFM LEAP-1A23, -1A24, -1A24E1, -1A26, - 1A26E1, -1A26CJ, -1A29, -1A29CJ, -1A30, -1A32, -1A33, -1A33B2, and - 1A35A turbofan engines with full authority digital engine control (FADEC) software, part number (P/N) 2590M00P07, version L1A0510, or earlier, installed; and prognostic
2018-20-03	This AD applies to Hoffmann GmbH & Co. KG model HO-V 62 propellers without modified blades marked with change letter ``A'' or ``B'' suffix to the serial number (S/N).
2018-17-14	This AD applies to General Electric Company (GE) CF34-8E turbofan engines with: (1) Left-hand (LH) half thrust reverser, part number (P/N) 15G0002-013, or LH half thrust reverser P/N 15G0002-014, with the following serial numbers (S/Ns): HRD00659 to HRD00662, HRD00675 to HRD00678,  HRD00680, HRD0068
2018-20-09	This AD becomes effective November 7, 2018.
2018-18-01	This AD applies to CFM International S.A.(CFM) CFM56-7B20, CFM56-7B22, CFM56-7B22/B1, CFM56-7B24, CFM56-7B24/B1, CFM56-7B26, CFM56-7B26/B2, CFM56-7B27, CFM56-7B27A, CFM56-7B26/B1, CFM56-7B27/ B1, CFM56-7B27/B3, CFM56-7B20/2, CFM56-7B22/2, CFM56-7B24/2, CFM56- 7B26/2, CFM56-7B27/2, CFM56-7B20/3, CFM5
2018-18-15	This AD applies to certain Rolls-Royce plc (RR) RB211-Trent 875- 17, 877-17, 884-17, 884B-17, 892-17, 892B-17 and 895-17 turbofan engines with an engine serial number listed in Section 1.A., Effectivity, of RR Alert Non-Modification Service Bulletin (NMSB) RB.211-72-AJ463, Revision 2, dated June 28,
2018-19-11	This AD applies to Viking Air Limited Models DHC-2 Mk. I, DHC-2 Mk. II, and DHC-2 Mk. III airplanes, all serial numbers, certificated in any category.
2018-19-09	This AD replaces AD 2017-14-03, Amendment 39-18947 (82 FR 34838, July 27, 2017).
2018-19-10	This AD becomes effective October 30, 2018.
2018-16-13	(1) This AD applies to all Zodiac Seats France, 537-Series Cabin Attendant Seats, part number (P/N) 53701-( )( )-( )( )( ). (2) These appliances are installed on, but not limited to, Avions de transport regional (ATR) 42 and ATR 72 airplanes of U.S. registry.
2018-19-08	This AD becomes effective October 26, 2018.
2018-19-04	(1) This AD applies to the Learjet, Inc. model airplanes that are certificated in any category, as listed in table 1 to paragraph (c) of this AD. [GRAPHIC] [TIFF OMITTED] TR18SE18.000
2018-17-15	This AD applies to Honeywell International Inc. (Honeywell) TPE331-1, -2, -2UA, -3U, -3UW, -5, -5A, -5AB, -5B, -6, -6A, -8, -10, -10AV, -10GP, -10GT, -10N, -10P, -10R, -10T, -10U, -10UA, -10UF, - 10UG, -10UGR, -10UR, and -11U, -12B, -12JR, -12UA, -12UAR, -12UHR, - 25AA, -25AB, -25DA, -25DB, -25FA, -
2018-19-01	This AD becomes effective October 22, 2018.
2018-18-17	This AD applies to Saab AB, Saab Aeronautics (Type Certificate Previously Held by Saab AB, Saab Aerosystems) airplanes, certificated in any category, as identified in paragraphs (c)(1) and (c)(2) of this AD. (1) Saab AB, Saab Aeronautics Model 340A (SAAB/SF340A) airplanes, serial numbers (S/Ns) 004 
2018-18-17	This AD applies to Saab AB, Saab Aeronautics (Type Certificate Previously Held by Saab AB, Saab Aerosystems) airplanes, certificated in any category, as identified in paragraphs (c)(1) and (c)(2) of this AD. (1) Saab AB, Saab Aeronautics Model 340A (SAAB/SF340A) airplanes, serial numbers (S/Ns) 004 
2018-18-11	This AD becomes effective October 18, 2018.
2018-17-13	This AD applies to Rolls-Royce Deutschland Ltd & Co KG (RRD) Tay 620-15 turbofan engines with low-pressure compressor (LPC) fan blades, having part numbers (P/Ns) JR30649, JR31702, JR31983, JR33863, or JR33864, installed.
2018-18-12	This AD becomes effective September 25, 2018.
2018-18-14	This AD applies to: (1) Rolls-Royce Deutschland Ltd & Co KG (RRD) BR700-710A2-20 turbofan engines with any electronic engine controller (EEC) firebox assembly installed, with any of the following component part numbers (P/Ns): FW42888, FW42886, FW38590, FW38591, or FW58255. (2) RRD BR700-710C4-11 tu
2018-17-12	This AD applies to all GE GE90-76B, GE90-77B, GE90-85B, GE90- 90B, and GE90-94B turbofan engines with full authority digital engine control (FADEC) software, version 9.3.2.4 or earlier, installed.
2018-18-06	This AD applies to all Rolls-Royce plc (RR) RB211-Trent 970-84, RB211-Trent 970B-84, RB211-Trent 972-84, RB211-Trent 972B-84, RB211- Trent 977-84, RB211-Trent 977B-84, and RB211-Trent 980-84 turbofan engines that have not incorporated the modifications introduced by RR Alert Service Bulletin RB.211-
2018-17-11	This AD applies to Linstrandt T30 part number (P/N) CY050001 propane cylinders, serial numbers (S/N) 0227/0158, 0316/-, 0321/-, 0322/0150, 0446/0152, 0534/0145, 0539/-, 0543/0154, 0626/0153, and 0638/0151; installed on hot air balloons.
2018-16-14	This AD becomes effective October 4, 2018.
2018-15-04	This AD applies to General Electric Company (GE) CF6-80A, CF6- 80A1, CF6-80A2, CF6-80A3, CF6-80C2A1, CF6-80C2A2, CF6-80C2A3, CF6- 80C2A5, CF6-80C2A5F, CF6-80C2A8, CF6-80C2B1, CF6-80C2B1F, CF6- 80C2B2, CF6-80C2B2F, CF6-80C2B4, CF6-80C2B4F, CF6-80C2B5F, CF6- 80C2B6, CF6-80C2B6F, CF6-80C2B6FA, CF6-80C2
2018-16-10	This AD applies to GE Aviation Czech H80-200 turboprop engines with propeller governor part number, (P/N) P-W22-1, and Avia Propeller AV-725 propellers installed. These engines are installed on Aircraft Industries (AI) L 410 UVP-E20 and L 410 UVP-E20 CARGO airplanes.
2018-14-10	This AD applies to: (1) All Pratt & Whitney Division (PW) PW2037, PW2037M, and PW2040 turbofan engines with electronic engine control (EEC), model number EEC104-40 or EEC104-60, installed, with an EEC software standard earlier than SCN 5B/I; and (2) All PW PW2037, PW2037M, and PW2040 turbofan engine
2018-17-08	This AD applies to all Rolls-Royce plc (RR) Viper Mk. 521, Viper Mk. 522, and Viper Mk. 601-22 turbojet engines.
2018-17-04	This AD applies to: (1) Rolls-Royce Corporation (RRC) AE 2100D2A turboprop engines with 1st-stage gas generator turbine wheels, part number (P/N) 23089692, with serial numbers (S/Ns) MW65898 or MW68310, installed. (2) RRC AE 2100D3 turboprop engines with 1st-stage gas generator turbine wheels, P/N 2
2018-16-01	This AD applies to attendant seats NG and pilot seats 120/335 with part numbers (P/Ns) and serial numbers (S/Ns) listed in Figures 1 and 2 to paragraph (c) of this AD. These seats are known to be installed on, but not limited to, Leonardo S.p.a. (formerly Finmeccanica, AgustaWestland, and Agusta) A1
2018-16-11	This AD becomes effective September 17, 2018.
2018-12-01	This AD applies to Safran Helicopter Engines, S.A., Arriel 2B and 2B1 turboshaft engines, except those incorporating Modification TU 178.
2018-16-08	This AD becomes effective August 20, 2018.
2018-16-07	This AD applies to General Electric Company (GE) GEnx-1B54, - 1B58, -1B64, -1B67, -1B70, -1B54/P1, -1B58/P1, -1B64/P1, -1B67/P1, - 1B70/P1, -1B54/P2, -1B58/P2, -1B64/P2, -1B67/P2, -1B70/P2, -1B70C/ P1, -1B70/72/P1, -1B70/75/P1, -1B74/75/P1, -1B75/P1, -1B70C/P2, - 1B70/72/P2, -1B70/75/P2, -1B74/75/P2
2018-14-12	This AD applies to General Electric Company (GE) GEnx-1B64, - 1B64/P1, -1B64/P2, -1B67, -1B67/P1, -1B67/P2, -1B70, -1B70/75/P1, - 1B70/75/P2, -1B70/P1, -1B70/P2, -1B70C/P1, -1B70C/P2, -1B74/75/P1, and -1B74/75/P2 engines with air/oil extension duct, part number (P/ N) 2332M85P01 or 2331M25G03, insta
2018-13-07	This AD applies to all Rolls Royce plc (RR) Trent 1000-A, Trent 1000-C, Trent 1000-D, Trent 1000-E, Trent 1000-G, and Trent 1000-H turbofan engine models.
2018-15-01	This AD applies to Rolls-Royce plc (RR) Trent 1000-A, Trent 1000-C, Trent 1000-D, Trent 1000-E, Trent 1000-G, Trent 1000-H, Trent 1000-A2, Trent 1000-C2, Trent 1000-D2, Trent 1000-E2, Trent 1000-G2, Trent 1000-H2, Trent 1000-J2, Trent 1000-K2, and Trent 1000-L2 engine models with engine serial numbe
2018-15-02	This AD becomes effective August 3, 2018.
2018-13-01	This AD applies to Rolls-Royce Corporation (RRC) model 250-C10D, 250-C18, 250-C18A, 250-C18B, 250-C18C, 250-C19, 250-C20, 250-C20B, 250-C20C, 250-C20F, 250-C20J, 250-C20R, 250-C20R/1, 250-C20R/2, 250- C20R/4, 250-C20S, 250-C20W, 250-C28, 250-C28B, 250-C28C, 250-C30, 250-C30G, 250-C30G/2, 250-C30M, 2
2018-14-07	This AD becomes effective August 16, 2018.
2018-12-03	This AD applies to all Safran Helicopter Engines, S.A., Arrius 2B1 and 2F turboshaft engines.
2018-13-03	This AD applies to International Aero Engines (IAE) PW1133G-JM, PW1133GA-JM, PW1130G-JM, PW1127G-JM, PW1127GA-JM, PW1127G1-JM, PW1124G-JM, PW1124G1-JM, and PW1122G-JM turbofan engines with serial numbers (S/Ns) up to and including S/N 770735.
2018-13-05	This AD applies to Honeywell International Inc. (Honeywell) TPE331-1, -2, -2UA, -3U, -3UW, -5, -5B, -6, -6A, -8, -10, -10AV, - 10N, -10P, -10R, -10T, -10U, -10UA, -10UF, -10UR model turboprop and TSE331-3U turboshaft engines with hydraulic torque sensor gear assemblies, part numbers (P/Ns) 3101726-1
2018-11-16	This AD applies to Engine Alliance (EA) GP7270, GP7272, and GP7277 model turbofan engines with serial numbers (S/Ns) identified in Table 3 in Planning Information of Engine Alliance (EA) Alert Service Bulletin (ASB) EAGP7-A72-389, Revision No. 2, dated April 17, 2018.
2018-13-02	This AD applies to all Pratt & Whitney Division (PW) PW4052, PW4056, PW4060, PW4062, PW4062A, PW4152, PW4156A, PW4158, PW4460, and PW4462 turbofan engine models, including engines identified with suffixes -1C, -1E, -3, -3A, or -3B, with 4th stage low-pressure turbine (LPT) air seal, part number (P/N
2018-11-04	This AD applies to the following Aircraft Industries a.s. Models L 410 UVP-E20 and L 410 UVP-E20 CARGO airplanes, manufacturer serial numbers 2904 through 3114, that are: (1) Equipped with GE Aviation H80-200 engines and Avia Propeller AV 725 propellers; and (2) certificated in any category.
2018-11-03	This AD becomes effective June 18, 2018.
2018-09-51	This AD applies to all CFM International, S.A., (CFM) CFM56- 7B20, -7B22, -7B24, -7B26, -7B27, -7B22/B1, -7B24/B1, -7B26/B1, - 7B26/B2, -7B27/B1, -7B27/B3, -7B20/3, -7B22/3, -7B24/3, -7B26/3, - 7B27/3, -7B22/3B1, -7B24/3B1, -7B26/3B1, -7B26/3B2, -7B26/3F, -7B26/ 3B2F, -7B27/3B1, -7B27/3B3, -7B27/3F,
2018-06-51	This AD becomes effective June 7, 2018 to all persons except those persons to whom it was made immediately effective by Emergency AD 2018-06-51, issued on March 19, 2018, which contains the requirements of this AD.
2018-11-01	This AD becomes effective June 27, 2018.
2018-10-09	This AD applies to DG Flugzeugbau GmbH Models DG-500MB and DG- 1000M gliders, all serial numbers, certificated in any category, that are: (1) Equipped with Solo 2625 02 engine modified with a fuel injection system following the instructions of Solo Kleinmotoren GmbH Service Bulletin (SB)/Technische 
2018-10-07	This AD becomes effective June 25, 2018.
2018-10-06	This AD becomes effective June 25, 2018.
2018-10-11	This AD applies to CFM International S.A. (CFM) CFM56-7B20, CFM56-7B22, CFM56-7B22/B1, CFM56-7B24, CFM56-7B24/B1, CFM56-7B26, CFM56-7B26/B2, CFM56-7B27, CFM56-7B27A, CFM56-7B26/B1, CFM56-7B27/ B1, CFM56-7B27/B3, CFM56-7B20/2, CFM56-7B22/2, CFM56-7B24/2, CFM56- 7B26/2, CFM56-7B27/2, CFM56-7B20/3, CFM
2018-10-03	This AD applies to Pacific Aerospace Limited Models 750XL airplanes, all serial numbers up to and including 135, except serial number 113; certificated in any category.
2018-09-07	This AD applies to all Rolls-Royce plc (RR) Viper Mk. 601-22 engines.
2018-10-01	This AD applies to all Safran Helicopter Engines, S.A., Arriel 2E turboshaft engines with front support, part number 0 292 11 715 0, installed (pre-mod TU 197 configuration).
2018-09-10	This AD applies to CFM International S.A. (CFM) CFM56-7B20, CFM56-7B22, CFM56-7B22/B1, CFM56-7B24, CFM56-7B24/B1, CFM56-7B26, CFM56-7B26/B2, CFM56-7B27, CFM56-7B27A, CFM56-7B26/B1, CFM56-7B27/ B1, CFM56-7B27/B3, CFM56-7B20/2, CFM56-7B22/2, CFM56-7B24/2, CFM56- 7B26/2, CFM56-7B27/2, CFM56-7B20/3, CFM
2018-08-02	This AD applies to all Rolls-Royce plc (RR) Trent 1000-A2, Trent 1000-AE2, Trent 1000-C2, Trent 1000-CE2, Trent 1000-D2, Trent 1000- E2, Trent 1000-G2, Trent 1000-H2, Trent 1000-J2, Trent 1000-K2, and Trent 1000-L2 turbofan engines.
2018-08-01	This AD becomes effective May 8, 2018.
2018-07-22	This AD applies to DG Flugzeugbau GmbH DG-500MB and DG-1000M gliders, all serial numbers, certificated in any category, that are: (1) Equipped with a Solo 2625 02 engine modified with a fuel injection system following the instructions of Solo Kleinmotoren GmbH Technische Mitteilung Nr. (English tran
2018-07-17	This AD applies to Safran Helicopter Engines, S.A., Arrius 2B1, 2B1A, 2B2, and 2K1 turboshaft engines with a power turbine wheel (PTW) assembly having a serial number listed in Appendix 2.1 of Safran Helicopter Engines Mandatory Service Bulletin (MSB) No. A319 72 2854, Version A, dated February 9, 2
2018-07-16	This AD applies to all Austro Engine GmbH model E4 and E4P diesel piston engines.
2018-07-08	This AD becomes effective April 26, 2018.
2018-07-10	This AD applies to Embraer S.A. Models EMB-500 and EMB-505 airplanes, serial numbers 50000246, 50000267, 50000286, 50000289, 50000291, 50000299, 50000304, 50000305, 50000306, 50000310, 50000348, 50000359, 50000368, 50000370, 50000372, 50000376, 50000377, 50000378, 50000379, 50000380, 50500118, 50500
2018-07-05	This AD applies to General Electric (GE) CF6-80A, -80A1, -80A2, and -80A3 turbofan engines with low-pressure turbine (LPT) stage 3 nozzles, part numbers (P/Ns) 9290M52P05 and 9290M52P06, installed.
2018-07-01	This AD replaces AD 2013-16-14, Amendment 39-17552 (78 FR 54383, September 4, 2013).
2018-07-02	This AD becomes effective April 13, 2018.
2018-06-11	(1) This AD applies to the following Textron Aviation Inc. airplanes; all serial numbers, that are certificated in any category: (i) Models A36TC and B36TC airplanes equipped with a turbocharged engine. (ii) Models S35, V35, V35A, and V35B airplanes equipped with the Continental TSIO-520-D engine wi
2018-06-09	This AD applies to Pacific Aerospace Limited Models 750XL airplanes, all serial numbers up to and including serial number XL215, certificated in any category.
2018-05-10	This AD becomes effective March 27, 2018.
2018-03-18	This AD becomes effective April 16, 2018.
2018-05-09	This AD becomes effective March 26, 2018.
2018-04-13	This AD applies to all Honeywell International Inc. AS907-1-1A model turbofan engines with engine electronic control unit (ECU), part numbers (P/Ns) 2119576-1001 through -1011, installed; AS907-2- 1A model turbofan engines with ECU, P/N 2119576-1102, installed; AS907-2-1G model turbofan engines with
2018-05-08	This AD applies to the following GA 8 Airvan (Pty) Ltd airplane models and serial numbers (S/Ns) presented in paragraphs (c)(1) and (c)(2) that are certificated in any category: (1) Group 1 Airplanes: (i) Model GA8: S/N GA8-02-012 and S/Ns 128 through 205; and (ii) Model GA8-TC320: S/Ns GA8-TC 320-0
2018-05-08	This AD applies to the following GA 8 Airvan (Pty) Ltd airplane models and serial numbers (S/Ns) presented in paragraphs (c)(1) and (c)(2) that are certificated in any category: (1) Group 1 Airplanes: (i) Model GA8: S/N GA8-02-012 and S/Ns 128 through 205; and (ii) Model GA8-TC320: S/Ns GA8-TC 320-0
2018-05-05	This AD applies to Dassault Aviation airplanes, certificated in any category, as identified in paragraphs (c)(1) through (c)(4) of this AD. (1) MYSTERE-FALCON 900, serial numbers as specified in Dassault Service Bulletin F900-460, Revision 1, dated February 10, 2017. (2) FALCON 900EX, serial numbers
2018-05-03	This AD applies to Safran Helicopter Engines, S.A., Arrius 2F turboshaft engines, with an oil system electrical magnetic plug magnetic head, part number (P/N) 9520011545, with serial numbers (S/ Ns) DU4621 through DU5053 inclusive, installed.
2018-04-11	This AD becomes effective April 5, 2018.
2018-05-01	This AD becomes effective April 5, 2018.
2018-05-02	This AD becomes effective April 4, 2018.
2018-04-02	This AD applies to Viking Air Limited Models DHC-6-1, DHC-6-100, DHC-6-200,  DHC-6-300, and DHC-6-400 airplanes, all serial numbers, certificated in any category.
2018-03-22	This AD applies to GE Aviation Czech s.r.o. M601D-11, M601E-11, M601E-11A, M601E-11AS, M601E-11S, and M601F turboprop engines, with power turbine (PT) rotors with disks, part number (P/N) M601-3220.6 or P/N M601-3220.7, installed.
2018-03-13	This AD applies to General Electric Company (GE) CT7-5A2, CT7- 5A3, CT7-7A, CT7-7A1, CT7-9B, CT7-9B1, CT7-9B2, CT7-9C and CT7-9C3 model turboprop engines with main propeller shaft, part number 77581-11, installed.
2018-03-05	This AD applies to all serial numbers of the airplanes listed in table 1 to paragraph (c) of this AD, certificated in any category that are either: (1) Equipped with a BRP-Rotax GmbH & Co. KG (formerly BRP- Powertrain GmbH & Co. KG; Bombardier-Rotax GmbH & Co. KG; Bombardier-Rotax GmbH) 912 A series
2018-03-14	This AD applies to Pacific Aerospace Limited Models 750XL airplanes, serial numbers 101 through 205, 208, 210, 214, and 216, certificated in any category.
2018-03-15	This AD applies to Pacific Aerospace Limited Models 750XL airplanes, all serial numbers up to and to include serial number XL220, certificated in any category.
2018-03-01	This AD becomes effective February 14, 2018.
2018-02-13	This AD supersedes AD 2017-07-02, Amendment 39-18840 (82 FR 15120, March 27, 2017).
2018-02-15	This AD applies to British Aerospace Regional Aircraft Models HP.137 Jetstream Mk.1, Jetstream Series 200 and 3101, and Jetstream Model 3201 airplanes, all serial numbers, certificated in any category.
2018-02-02	This AD becomes effective February 12, 2018.
2018-02-14	This AD applies to Honeywell International Inc. (Honeywell) TPE331-1, -2, -2UA, -3U, -3UW, -5, -5A, -5AB, -5B, -6, -6A, -8, -10, -10AV, -10GP, -10GT, -10N, -10P, -10R, -10T, -10U, -10UA, -10UF, - 10UG, -10UGR, -10UR, and -11U, -12JR, -12UA, -12UAR, -12UHR, -25AA, -25AB, -25DA, -25DB, -25FA, -43A, -4
2018-02-10	This AD applies to all Pratt & Whitney Division (PW) PW4074, PW4074D, PW4077, PW4077D, PW4084D, PW4090, and PW4090-3 turbofan engines with outer diffuser case, part number (P/N) 50J775 or P/N 50J930, installed.
2018-02-08	This AD becomes effective February 1, 2018.
2018-02-01	This AD supersedes AD 2015-08-51, Amendment 39-18160 (80 FR 28172, May 18, 2015).
2018-02-07	This AD becomes effective February 1, 2018.
2018-01-12	This AD supersedes AD 2015-22-53, Amendment 39-18331 (80 FR 74982, December 1, 2015).
2017-26-06	This AD applies to Rolls-Royce Corporation (RRC) AE 3007A, AE 3007A1, AE 3007A1/1, AE 3007A1/2, AE 3007A1/3, AE 3007A1P, AE 3007A1E, AE 3007A3, AE 3007C and 3007C1 turbofan engines with a fan wheel, part number (P/N) 23061670, installed.
2017-26-04	This AD supersedes AD 2009-25-07, Amendment 39-16126 (74 FR 65682, December 11, 2009).
2017-26-03	This AD becomes effective January 4, 2018.
2017-25-17	This AD supersedes AD 2011-27-08, Amendment 39-16910 (77 FR 3382, January 24, 2012).
2017-26-01	This AD applies to General Electric Company (GE) GEnx-1B64/P2, - 1B67/P2, -1B70/P2, -1B70/75/P2, -1B70C/P2, and -1B74/75/P2 turbofan engines, with a high-pressure turbine (HPT) stage 1 blade retainer, part number (P/N) 2445M91P01 or 2383M99P02, with a serial number listed in Planning Information, Pa
2017-25-07	This AD applies to Alexander Schleicher GmbH & Co. Segelflugzeugbau Models ASH 25M and ASH 26E gliders, all serial numbers, that: (1) Have an exhaust silencer, part number (P/N) 800.65.0001, installed; and (2) are certificated in any category.
2017-24-08	This AD applies to all Rolls-Royce plc (RR) RB211-535E4-37, RB211-535E4-B-37, and RB211-535E4-C-37 turbofan engines with low- pressure (LP) fuel filter-to-high-pressure (HP) fuel pump tube assembly, part number (P/N) UL16692, AE709623-1, 163521538, or 163521545, installed; or HP fuel pump-to-fuel fl
2017-24-06	This AD applies to CFM International S.A. (CFM) LEAP-1A23, LEAP- 1A24, LEAP-1A24E1, LEAP-1A26, LEAP-1A26E1, LEAP-1A30, LEAP-1A32, LEAP-1A33, LEAP-1A33B2 and LEAP-1A35A engines with a high-pressure turbine (HPT) stage 2 disk, with a part number (P/N) 2466M52G03 and serial number (S/N) listed in Table
2017-19-01	This AD becomes effective January 2, 2018.
2017-24-02	This AD becomes effective December 13, 2017.
2017-23-08	This AD supersedes AD 2014-24-02, Amendment 39-18035 (79 FR 70785, November 28, 2014).
2017-23-06	This AD applies to General Electric Company (GE) CF34-8C1, CF34- 8C5, CF34-8C5A1, and CF34-8C5B1 engines with serial numbers: 965101 through 965670 inclusive; 194101 through 194999 inclusive; and 195101 through 195653 inclusive.
2017-22-14	Rockwell Collins, Inc. TSSA-4100 Field Loadable Software (FLS) Rockwell Collins part numbers (RCPNs) 810-0052-002, -003, -010, - 011, -012, -100, or -101 found on TSS-4100 Traffic Surveillance System Processing Units, (RCPN) 822-2132-001 installed on airplanes. (1) The FLS RCPNs 810-0052-002, -003, 
2017-21-06	This AD applies to 328 Support Services GmbH (Type Certificate Previously Held by AvCraft Aerospace GmbH; Fairchild Dornier GmbH; Dornier Luftfahrt GmbH) airplanes, certificated in any category, as identified in paragraphs (c)(1) and (c)(2) of this AD. (1) Model 328-100 airplanes, all serial numbers
2017-21-06	This AD applies to 328 Support Services GmbH (Type Certificate Previously Held by AvCraft Aerospace GmbH; Fairchild Dornier GmbH; Dornier Luftfahrt GmbH) airplanes, certificated in any category, as identified in paragraphs (c)(1) and (c)(2) of this AD. (1) Model 328-100 airplanes, all serial numbers
2017-23-03	This AD applies to all Engine Alliance (EA) GP7270, GP7272, and GP7277 model turbofan engines.
2017-22-13	This AD applies to Rolls-Royce plc (RR) RB211-Trent 970-84 and RB211-Trent 972-84 turbofan engines with a drains mast, part number (P/N) KH31996, installed.
2017-22-02	(1) This AD applies to Ipeco Holdings Ltd. (Ipeco) pilot and co- pilot seats with a part number listed in the Planning Information section of Ipeco Service Bulletins (SBs) Number 063-25-08, Revision 00; Number 063-25-09, Revision 00; and Number 063-25-10, Revision 00; all dated May 31, 2016. (2) The
2017-22-05	This AD supersedes AD 2013-15-03, Amendment 39-17519 (78 FR 44422, July 24, 2013).
2017-22-01	This AD becomes effective November 8, 2017.
2017-20-13	This AD applies to PIAGGIO AERO INDUSTRIES S.p.A. P-180 airplanes, serial numbers 1002, 1004 through 1220, that are: (1) Equipped with flight control surfaces part numbers (P/Ns) and serial numbers (S/Ns) not listed in table 1 of PIAGGIO AERO INDUSTRIES S.p.A. Mandatory Service Bulletin N.: 80-0455,
2017-20-09	This AD applies to all General Electric Company (GE) CF34-8E2; CF34-8E2A1; CF34-8E5; CF34-8E5A1; CF34-8E5A2; CF34-8E6; and CF34- 8E6A1 model turbofan engines.
2017-20-06	This AD applies to Honeywell International Inc. (Honeywell) AS907-1-1A turbofan engines with second stage low-pressure turbine (LPT2) rotor blades, part number (P/N) 3035602-1, installed.
2017-19-05	(1) This AD applies to Siemens S.A.S. smoke detectors, part numbers (P/Ns) PMC1102-02, PMC3100-00, and GMC1102-02, with serial numbers (S/Ns) listed in paragraph 1/D/ of Siemens Service Information Letter (SIL) No. PMC-26-002, Revision No. 1, dated January 2016; or paragraph 1/D/ of Siemens SIL No. 
2017-20-01	This AD applies to all Honeywell International Inc. (Honeywell) TFE731-20 and TFE731-40 turbofan engines, with a fan disk, part number (P/N) 3060287-2, and a  serial number (S/N) listed in Table 9 of Honeywell Service Bulletin (SB) TFE731-72-5256, Revision 0, dated October 7, 2016, that do not have 
2017-19-18	This AD applies to Rolls-Royce Deutschland Ltd & Co KG (RRD) model Tay 620-15 turbofan engines with high-pressure compressor (HPC) modules M03100AA, or M03100AB, or M03100AC and HPC stage 12 rotor disk, part number (P/N) JR18449, installed.
2017-19-05	(1) This AD applies to Siemens S.A.S. smoke detectors, part numbers (P/Ns) PMC1102-02, PMC3100-00, and GMC1102-02, with serial numbers (S/Ns) listed in paragraph 1/D/of Siemens Service Information Letter (SIL) No. PMC-26-002, Revision No. 1, dated January 2016; or paragraph 1/D/of Siemens SIL No. PM
2017-19-19	This AD applies to Rolls-Royce plc (RR) Trent XWB-75, Trent XWB- 79, Trent XWB-79B, and Trent XWB-84 turbofan engines with an engine serial number (ESN) listed in Appendix 1 of RR Alert Non Modification Service Bulletin (NMSB) Trent XWB 72-AJ443, Revision 1, dated December 21, 2016.
2017-19-15	This AD applies to Technify Motors GmbH TAE 125-02-99 (commercial designation CD-135, formerly Centurion 2.0) and TAE 125- 02-114 (commercial designation CD-155, formerly Centurion 2.0S) reciprocating engines with a gearbox serial number (S/N) listed in Figure 1 to paragraph (c) of this AD.  Figure 
2017-19-21	This AD becomes effective October 30, 2017.
2017-19-20	This AD applies to General Electric Company (GE) CT7-8A and CT7- 9B model turboshaft engines with a high-pressure compressor (HPC) impeller, part number 5123T51P02, and serial number, GLHTPH9G, GLHTPP7P, or GLHTPJHN, installed.
2017-18-12	This AD applies to B/E Aerospace Protective Breathing Equipment (PBE), part numbers (P/N) 119003-11 and 119003-21, that are installed on airplanes.
2017-18-13	This AD supersedes AD 2015-22-51, Amendment 39-18386 (81 FR 5037, February 1, 2016).
2017-18-14	This AD applies to Rolls-Royce Corporation (RRC) 250-C20, -C20B, -C20F, -C20J, -C20R, -C20R/1, -C20R/2, -C20R/4, -C20W, -C300/A1, and -C300/B1 turboshaft engines with either a 3rd-stage turbine wheel, part number (P/N) 23065818, or a 4th-stage turbine wheel, P/N 23055944 or RR30000240, installed.
2017-18-10	This AD applies to Diamond Aircraft Industries GmbH Models DA 42, DA 42 M-NG, and DA 42 NG airplanes, serial numbers 42.004 through 42.427, 42.AC001 through 42.AC151, 42.M001 through 42.M026, 42.N001 through 42.N067, 42.N100 through 42.N129, 42.NC001 through 42.NC008, and 42.MN001 through 42.MN033, 
2017-17-18	This AD applies to General Electric Company (GE) CF34-8C1, CF34- 8C5, CF34-8C5A1, CF34-8C5B1, CF34-8C5A2, CF34-8C5A3, CF34-8E2, CF34- 8E2A1, CF34-8E5, CF34-8E5A1, CF34-8E5A2, CF34-8E6 and CF34-8E6A1 engines, including engines marked on the engine data plate as CF34- 8C5B1/B, CF34-8C5/B, CF34-8C5A1/B
2017-17-07	This AD applies to Rolls-Royce plc (RR) Trent XWB-75, Trent XWB- 79, Trent XWB-79B, and Trent XWB-84 turbofan engines with an engine serial number (S/N) listed in Appendix 1 of RR Alert Non- Modification Service Bulletin (NMSB) Trent XWB 72-AJ738, dated April 11, 2017, and with intermediate-pressure
2017-17-03	This AD supersedes AD 2014-16-01, Amendment 39-17925 (79 FR 45322, August 5, 2014).
2017-17-01	This AD becomes effective September 25, 2017.
2017-16-04	This AD becomes effective September 22, 2017.
2017-16-11	This AD applies to: (1) All Lycoming Engines reciprocating engines listed in Table 1 of Lycoming Engines Mandatory Service Bulletin (MSB) No. 632B, dated August 4, 2017, and (2) all Lycoming Engines reciprocating engines that were overhauled or repaired using any replacement part listed in Table 2 o
2017-16-02	This AD becomes effective September 5, 2017.
2017-15-13	This AD becomes effective August 31, 2017.
2017-14-03	This AD becomes effective August 11, 2017.
2017-15-07	This AD applies to all Safran Helicopter Engines, S.A., Arriel 1A1, 1A2, 1B, 1C, 1C1, 1C2, 1D, 1D1, 1E2, 1K1, 1S, and 1S1 turboshaft engines equipped with a drain valve assembly (DV) manufactured, repaired, or overhauled after December 31, 2015; with a diaphragm, part number 9 164 95 002 0, installe
2017-15-05	This AD applies to Piper Aircraft, Inc. Models PA-23, PA-23-160, PA-23-235, PA-23-250, PA-E23-250, and PA-30 airplanes, all serial numbers, certificated in any category.
2017-10-10	This AD becomes effective August 25, 2017.
2017-14-06	This AD supersedes AD 93-17-13, Amendment 39-8684 (58 FR 51770, October 5, 1993).
2017-15-02	This AD becomes effective August 4, 2017.
2017-14-07	(1) This AD applies to International Aero Engines AG (IAE) V2522-A5, V2524-A5, V2527-A5, V2527E-A5, V2527M-A5, V2530-A5, V2533- A5, V2525-D5, V2528-D5, and V2531-E5 turbofan engines, with one or more of the following installed: (i) High-pressure turbine (HPT) stage 2 air seal, part number (P/N) 2A41
2017-14-08	This AD applies to CFM International S.A. (CFM) CFM56-3, -3B, and -3C turbofan engines with steel high-pressure compressor (HPC) stator case, part numbers (P/Ns)1499M30G01, 1499M30G02, 1499M30G03, or 1676M88G01, installed.
2017-14-04	This AD applies to Piper Aircraft, Inc. Models PA-28-140, PA-28- 150, PA-28-151, PA-28-161, PA-28-160, PA-28-180, PA-28-181, PA-28- 235, PA-28-236, PA-28R-180, PA-28R-200, PA-28R-201, PA-28S-160, PA- 28S-180, PA-32-260, PA-32-300, PA-32-301, PA-32-301T, PA-32R-300, PA-32R-301 (SP), PA-32R-301 (HP), 
2017-14-05	This AD becomes effective July 26, 2017.
2017-10-12	This AD becomes effective August 15, 2017.
2017-10-19	This AD applies to Rolls-Royce plc (RR) Trent 1000-A2, Trent 1000-C2, Trent 1000-D2, Trent 1000-E2, Trent 1000-G2, Trent 1000-H2, Trent 1000-J2, Trent 1000-K2, and Trent 1000-L2 turbofan engines with intermediate pressure compressor (IPC) rotor seal, part number (P/N) KH19098, installed.
2017-13-06	This AD applies to DG Flugzeugbau GmbH Models DG-400, DG-500M, DG-500MB, DG-800A, and DG-800B gliders, all serial numbers, that: (1) Have textile fabric covered fuel hoses installed in the fuselage; and (2) are certificated in any category.  Note 1 to paragraph (c) of this AD: Metal fabric covered f
2017-13-04	This AD becomes effective July 27, 2017.
2017-13-03	This AD becomes effective July 27, 2017.
2017-12-03	This AD applies to all Pratt & Whitney Division (PW) PW2037, PW2037M, and PW2040 turbofan engines with electronic engine control (EEC), model number EEC104-40 or EEC104-60, installed, with an EEC software standard earlier than SCN 5B/I.
2017-11-06	This AD applies to all Pratt & Whitney (PW) PW2037, PW2037D, PW2037M, PW2040, PW2040D, PW2043, PW2143, PW2643, and F117-PW-100 turbofan engines.
2017-11-05	(1) This AD applies to Rolls-Royce Corporation (RRC) AE 3007C and 3007C1 turbofan engines with 1st stage high-pressure turbine (HPT) wheels, part number (P/N) 23062373, 23065891, or 23070664; or with 2nd stage HPT wheels, P/N 23063462, 23065892, 23069116, 23069592 (except those serial numbers (S/Ns)
2017-11-10	This AD applies to all Lycoming TIO-540-AJ1A reciprocating engines.
2017-12-04	This AD supersedes AD 2016-20-04, Amendment 39-18670 (81 FR 67904, October 3, 2016).
2017-12-02	This AD applies to all GEnx-1B64, -1B64/P1, -1B64/P2, -1B67, - 1B67/P1, -1B67/P2, -1B70, 1B70/P1, -1B70/P2, -1B70/75/P1, -1B70/75/ P2, -1B70C/P1, -1B70C/P2, -1B74/75/P1, -1B74/75/P2, -1B76A/P2 engines with outer left side signal fuel manifold, part number (P/N) 2403M46G01, and CAGE code 05813, insta
2017-11-15	This AD applies to General Electric Company (GE) CF6-80C2L1F turbofan engines with a high-pressure turbine (HPT) spacer/impeller, part number (P/N) 1539M12P02, installed.
2017-11-11	This AD becomes effective July 11, 2017.
2017-10-13	This AD applies to all Rolls-Royce plc (RR) RB211 Trent 768-60, 772-60, and 772B-60  turbofan engines, if fitted with fuel tube, part number (P/N) FW53576, which was incorporated through RR production modification 73-F343 or which were modified in service in accordance with RR Service Bulletin (SB) 
2017-10-25	This AD applies to Rolls-Royce Deutschland Ltd & Co KG (RRD) Spey 506-14A, Spey 555-15, Spey 555-15H, Spey 555-15N, and Spey 555- 15P turbofan engines with high-pressure compressor (HPC) stage 12 rotor disks, part number (P/N) EU25917, P/N EU56963, P/N JR10242, or P/N JR18449, installed.
2017-10-06	This AD applies to Rolls-Royce plc (RR) RB211 Trent 768-60, RB211 Trent 772-60, and RB211 Trent 772B-60 turbofan engines that have a compressor intermediate case (CIC) that was repaired using RR Repair FRSC005.
2017-10-02	This AD applies to Slingsby Aviation Ltd. Models T67M260 and T67M260-T3A airplanes, all serial numbers, certificated in any category.
2017-09-05	This AD becomes effective May 26, 2017.
2017-09-07	This AD becomes effective June 14, 2017.
2017-09-06	This AD applies to all General Electric Company (GE) GEnx-1B and GEnx-2B turbofan engines.
2017-08-08	This AD applies to CFE Company (CFE) CFE738-1-1B model turbofan engines with a high-pressure compressor (HPC) impeller, part number (P/N) 6079T77P07 or P/N 6079T77P09, with a serial number listed in CFE Service Bulletin (SB) CFE738-72-8080, Revision 0, dated August 18, 2016, installed.
2017-09-02	This AD becomes effective May 31, 2017.
2017-08-12	This AD applies to GROB Aircraft AG Models GROB G 109 and GROB G 109B gliders, all serial numbers, certificated in any category.
2017-08-11	This AD applies to all Rolls-Royce plc (RR) RR RB211-Trent 875- 17, 877-17, 884-17, 884B-17, 892-17, 892B-17, and 895-17 turbofan engines.
2017-08-10	This AD applies to all Rolls-Royce plc (RR) RB211-Trent 970-84, RB211-Trent 970B-84, RB211-Trent 972-84, RB211-Trent 972B-84, RB211- Trent 977-84, RB211-Trent 977B-84, and RB211-Trent 980-84 turbofan engines.
2017-06-11	This AD supersedes Emergency AD 2015-24-51, Directorate Identifier 2015-SW-086-AD, dated November 27, 2015.
2017-08-09	This AD applies to DG Flugzeugbau GmbH DG-500MB gliders, all serial numbers, that are: (1) Equipped with a Solo 2625 02 engine modified with a fuel injection system following the instructions of Solo Kleinmotoren GmbH Service Bulletin (SB)/Technische Mitteilung (TM) 4600-3 ``Fuel Injection System'' 
2017-08-06	This AD applies to General Electric Company (GE) GE90-76B, GE90- 85B, GE90-90B, GE90-94B, GE90-110B1, and GE90-115B turbofan engines with a fuel/oil lube/servo cooler (``main fuel oil heat exchanger''), part number (P/N) 1838M88P11 (VIN UA541461-12) or 1838M88P13 (VIN UA541461-14), with a serial num
2017-08-05	This AD applies to General Electric Company (GE) GE90-76B, GE90- 77B, GE90-85B, GE90-90B, and GE90-94B turbofan engines with a high- pressure compressor (HPC) stage 8-10 spool, part numbers (P/Ns) 1694M80G04, 1844M90G01, or 1844M90G02, installed.
2017-05-51	This AD becomes effective April 25, 2017 to all persons except those persons to whom it was made immediately effective by Emergency AD 2017-05-51, issued on March 3, 2017, which contains the requirements of this AD.
2017-07-09	This AD becomes effective May 12, 2017.
2017-07-08	This AD becomes effective May 12, 2017.
2017-07-04	All GE90-110B1 and GE90-115B engines with high-pressure compressor (HPC) stage 2-5 spools, with: (1) a part number (P/N) 351-103-106-0, 351-103-107-0, 351-103- 108-0, 351-103-141-0, 351-103-142-0, 351-103-143-0, 351-103-144-0, 351-103-145-0, 351-103-146-0, 351-103-148-0, 351-103-149-0, 351-103- 150-
2017-07-01	This AD applies to M7 Aerospace LLC SA226-T, SA226-AT, SA226- T(B), SA226-TC, SA227-AC (C-26A), SA227-AT, SA227-BC (C-26A), SA227- CC, SA227-DC (C-26B), and SA227-TT airplanes; all serial numbers, certificated in any category.
2017-06-03	(1) This AD applies to Meggitt (Troy), Inc. (previously known as Stewart Warner South Wind Corporation and as Stewart Warner South Wind Division) Models (to include all dash number and model number variants) 921, 930, 937, 940, 944, 945, 977, 978, 979, 8240, 8253, 8259, and 8472 combustion heaters t
2017-07-02	This AD becomes effective April 11, 2017.
2017-04-51	This AD applies to all Safran Helicopter Engines, S.A., Arriel 1A1, 1A2, 1B, 1C, 1C1, 1C2, 1D, 1D1, 1E2, 1K1, 1S, and 1S1 turboshaft engines equipped with a drain valve assembly (DV) with a part number and a serial number listed in Appendix 5.1 in Safran Helicopter Engines Alert Mandatory Service Bu
2017-05-09	This AD applies to CFM International S.A. (CFM) CFM56-5B models, CFM56-5B/P models, CFM56-5B/3 models, CFM56-5B/2P models, CFM56-5B/ P1 models, CFM56-5B/2P1 models, and CFM56-5B/3B1 models engines with a radial drive shaft (RDS) serial number (S/N) listed in Appendix A of CFM Service Bulletin (SB) C
2017-05-08	This AD applies to all Safran Helicopter Engines S.A. Arriel 2B turboshaft engines with a pre-modification (mod) TU 158 hydro- mechanical metering unit (HMU), installed.
2017-05-05	This AD applies to all Pratt & Whitney Division (PW) PW4074, PW4074D, PW4077, PW4077D, PW4084D, PW4090, and PW4090-3 turbofan engines.
2017-02-51	This AD becomes effective March 20, 2017 to all persons except those persons to whom it was made immediately effective by Emergency AD 2017-02-51, issued on January 13, 2017, which contains the requirements of this AD.
2017-04-03	This AD applies to PILATUS Models PC-6, PC-6-H1, PC-6-H2, PC-6/ 350, PC-6/350-H1, PC-6/350-H2, PC-6/A, PC-6/A-H1, PC-6/A-H2, PC-6/B- H2, PC-6/B1-H2, PC-6/B2-H2, PC-6/B2-H4, PC-6/C-H2, and PC-6/C1-H2 airplanes, all manufacturer serial numbers (MSN), including MSN 2001 through 2092, certificated in an
2017-04-06	This AD applies to United Instruments, Inc. 5934 series altimeters that were manufactured between January 2015 and February 2016 and installed in airplanes and helicopters. (1) The specific affected serial number altimeters can be found in United Instruments, Inc. Service Bulletin No. 13, dated Marc
2017-03-03	This AD applies to Rolls-Royce plc (RR) RB211 Trent 553-61, RB211 Trent 553A2-61, RB211 Trent 556-61, RB211 Trent 556A2-61, RB211 Trent 556B-61, RB211 Trent 556B2-61, RB211 Trent 560-61, and RB211 Trent 560A2-61 turbofan engines that have any of the following fuel tube part numbers installed: FW5760
2017-05-03	This AD becomes effective March 17, 2017.
2017-05-04	This AD becomes effective March 17, 2017.
2017-02-01	This AD applies to Rolls-Royce plc (RR) Trent 1000-A, Trent 1000-C, Trent 1000-D, Trent 1000-E, Trent 1000-G, and Trent 1000-H turbofan engines with high-pressure turbine (HPT) blades, part number (P/N) FW63853, installed.
2017-03-01	This AD supersedes AD 2014-05-06, Amendment 39-17779 (79 FR 13196, March 10, 2014).
2017-04-04	This AD applies to the airplanes identified in paragraphs (c)(1) and (c)(2) of this AD, certificated in any category, all serial numbers. (1) BAE Systems (Operations) Limited Model BAe 146-100A, -200A, and -300A airplanes. (2) BAE Systems (Operations) Limited Model Avro 146-RJ70A, 146- RJ85A, and 14
2017-04-04	This AD applies to the airplanes identified in paragraphs (c)(1) and (c)(2) of this AD, certificated in any category, all serial numbers. (1) BAE Systems (Operations) Limited Model BAe 146-100A, -200A, and -300A airplanes. (2) BAE Systems (Operations) Limited Model Avro 146-RJ70A, 146- RJ85A, and 14
2016-26-08	This AD applies to PILATUS AIRCRAFT LTD. Models PC-12, PC-12/45, PC-12/47, and PC-12/47E airplanes, all manufacturer serial numbers (MSNs), certificated in any category.
2017-03-02	This AD applies to Rolls-Royce plc (RR) RB211 Trent 768-60, 772- 60, and 772B-60 turbofan engines, with low-pressure (LP) compressor blade, part number (P/N) FK23411, FK25441, FK25968, FW11901, FW15393, FW23643, FW23741, FW23744, KH23403, or KH23404, installed.
2017-02-07	This AD becomes effective March 17, 2017.
2017-02-11	This AD applies to Alexander Schleicher GmbH & Co. ASK 21 gliders, all serial numbers, certificated in any category, that are modified with a rudder hand control system using either ASK 21 Technical Note No. 25, dated February 16, 1993, or ASK 21 Technical Note No. 30, dated January 22, 2007.
2017-02-06	This AD applies to Piper Aircraft, Inc. Models PA-31T, serial numbers (SN) 31T-7400002 through 31T-8120104; PA-31T1, SNs 31T- 7804001 through 31T-8304003 and SNs 31T-1104004 through 31T-1104017; PA-31T2, SNs 31T-8166001 through 31T-8166076 and 31T-1166001 through 31T-1166008; PA-31T3, SNs 31T-827500
2017-01-12	This AD applies to Diamond Aircraft Industries GmbH DA 42 airplanes, serial numbers 42.004 through 42.427 and 42.AC001 through 42.AC151, that have a TAE 125-02-99 or TAE 125-02-114 engine installed, are equipped with an exhaust pipe, DAI part number (P/N) D60-9078-06-01, or Technify P/Ns 52-7810-H00
2017-01-01	This AD applies to all Rolls-Royce plc (RR) RB211-Trent 970-84, RB211-Trent 970B-84, RB211-Trent 972-84, RB211-Trent 972B-84,  RB211-Trent 977-84, RB211-Trent 977B-84, and RB211-Trent 980-84 turbofan engines.
2016-26-09	This AD applies to B-N Group Ltd. Models BN-2, BN-2A, BN-2A-2, BN-2A-3, BN-2A-6, BN-2A-8, BN-2A-9, BN-2A-20, BN-2A-21, BN-2A-26, BN-2A-27, BN-2B-20, BN-2B-21, BN-2B-26, BN-2B-27, BN-2T-4R, BN-2T, BN2A MK. III, BN2A MK. III-2, and BN2A MK. III-3 (all models on Type Certificate Data Sheets A17EU and A
2016-26-08	This AD applies to PILATUS AIRCRAFT LTD. Models PC-12, PC-12/45, PC-12/47, and PC-12/47E airplanes, all manufacturer serial numbers (MSNs), certificated in any category.
2016-26-04	This AD becomes effective February 8, 2017.
2016-25-13	This AD applies to Safran Helicopter Engines, S.A. Arriel 2B, 2B1, 2C, 2C1, 2C2, 2D, 2E, 2S1, and 2S2 turboshaft engines with an engine accessory gearbox (AGB), part number 0292120650, with a machined front casing.
2016-25-19	This AD supersedes AD 2010-21-07, Amendment 39-16467 (75 FR 63052, October 14, 2010).
2016-24-51	This AD is effective January 12, 2017 to all persons except those persons to whom it was made immediately effective by Emergency AD 2016-24-51, issued on November 16, 2016, which contains the requirements of this AD.
2016-26-01	This AD becomes effective January 31, 2017.
2016-25-28	This AD becomes effective January 31, 2017.
2016-25-14	This AD becomes effective January 31, 2017.
2016-25-20	This AD becomes effective January 31, 2017.
2016-25-22	This AD applies to Viking Air Limited Models DHC-2 Mk. I, DHC-2 Mk. II, and DHC-2 Mk. III airplanes, all serial numbers, certificated in any category.
2016-25-10	This AD applies to Rolls-Royce plc (RR) RB211-Trent 875-17, RB211-Trent 877-17, RB211-Trent 884-17, RB211-Trent 884B-17, RB211- Trent 892-17, RB211-Trent 892B-17, and RB211-Trent 895-17 turbofan engines that have not incorporated RR modification 72-J195, in production, or RR Service Bulletin RB.211-
2016-25-11	This AD applies to International Aero Engines AG (IAE) V2522-A5, V2524-A5, V2527-A5, V2527E-A5, V2527M-A5, V2530-A5, V2533-A5, V2525- D5, V2528-D5, and V2531-E5 turbofan engines with No. 3 bearing serial numbers (S/Ns) listed in Appendix 1 of IAE Non-Modification Service Bulletin (NMSB) V2500-ENG-72
2016-25-12	This AD applies to M7 Aerospace LLC Models SA226-AT, SA226-T, SA226-T(B), SA226-TC, SA227-AC (C-26A), SA227-AT, SA227-BC (C-26A), SA227-CC, SA227-DC (C-26B), and SA227-TT airplanes, all serial numbers, certificated in any category.
2016-24-08	This AD applies to Rolls-Royce plc (RR) RB211-Trent 875-17, RB211-Trent 877-17, RB211-Trent 884-17, RB211-Trent 884B-17, RB211- Trent 892-17, RB211-Trent 892B-17, and RB211-Trent 895-17 turbofan engines.
2016-20-07	This AD applies to Fokker Services B.V. airplanes, certificated in any category, as identified in paragraphs (c)(1) and (c)(2) of this AD. (1) Model F28 Mark 0070 and Mark 0100 airplanes, all serial numbers (S/Ns). (2) Model F28 Mark 1000, 2000, 3000, and 4000 airplanes, S/Ns 11003 through 11110 inc
2016-23-10	This AD becomes effective December 12, 2016.
2016-23-05	This AD supersedes AD 2007-25-08, Amendment 39-15290 (72 FR 69604, December 10, 2007).
2016-23-04	This AD applies to BRP-Powertrain GmbH & Co KG Rotax model 912 F2, 912 F3, 912 F4, 912 S2, 912 S3, and 912 S4 engines, and Rotax 914 F2, 914 F3, and 914 F4 engines with: (1) Engine serial numbers (S/Ns) listed in Planning Information, Paragraph 1, Criterion A, of BRP-Powertrain GmbH & Co KG Alert Se
2016-23-09	This AD becomes effective December 27, 2016.
2016-23-06	This AD applies to all serial numbers (S/N) of the airplanes listed in table 1 of paragraph (c) of this AD, certificated in any category, that incorporate one of the following: (1) A BRP-Powertrain GmbH & Co KG (formerly Rotax Aircraft Engines) 912 A series engine having a serial number with a carbu
2016-22-12	(1) This AD applies to PILATUS Models PC-6, PC-6-H1, PC-6-H2, PC-6/350, PC-6/350-H1, PC-6/350-H2, PC-6/A, PC-6/A-H1, PC-6/A-H2, PC-6/B-H2, PC-6/B1-H2, PC- 6/B2-H2, PC-6/B2-H4, PC-6/C-H2, and PC-6/ C1-H2 airplanes, all manufacturer serial numbers, including MSN 2001 through 2092 (see Note 1 of paragr
2016-22-11	This AD applies to all Engine Alliance GP7270 and GP7277 turbofan engines with a high-pressure turbine (HPT) stage 2 nozzle segment, part number (P/N) 2101M24G01, 2101M24G02, 2101M24G03, 2101M24G04, 2101M24G05, or 2101M24G06, installed.
2016-22-10	This AD applies to certain Arriel 1, 1A, 1A1, 1A2, 1B, 1B2, 1C, 1C1, 1C2, 1D, 1D1, 1E, 1E2, 1K1, 1S, and 1S1 turboshaft engines, with modification TU376 installed.
2016-22-05	This AD applies to Pratt & Whitney (PW): (1) PW4164, PW4168, and PW4168A model engines that have incorporated PW Service Bulletin (SB) PW4G-100-72-214, dated December 15, 2011, or PW SB PW4G-100-72-219, Revision No. 1, dated October 5, 2011, or original issue, and have fuel nozzles, part number (P/N
2016-22-08	This AD becomes effective December 1, 2016.
2016-22-07	This AD supersedes AD 75-26-05, Amendment 39-2457 (40 FR 57783, December 12, 1975).
2016-21-07	This AD applies to all Honeywell International Inc. (Honeywell) TPE331-1, -2, -2UA, -3U, -3UW, -5, -5A, -5AB, -5B, -6, -6A, -10, - 10AV, -10GP, -10GT, -10P, -10R, -10T, -10U, -10UA, -10UF, -10UG,  -10UGR, -10UR, -11U, -12JR, -12UA, -12UAR, and -12UHR turboprop engines with Woodward fuel control unit
2016-21-03	This AD becomes effective November 25, 2016.
2016-21-02	This AD becomes effective November 22, 2016.
2016-20-15	This AD applies to all General Electric Company (GE) GEnx-1B64/ P2, -1B67/P2, -1B70/P2, -1B70C/P2, -1B70/75/P2, and -1B74/75/P2 turbofan engines with engine assembly, part number (P/N) 2447M10G01 or P/N 2447M10G02, installed.
2016-21-04	This AD applies to Continental Motors, Inc. (CMI) TSIO-550-K, TSIOF-550-K, TSIO-550-C, TSIOF-550-D, and TSIO-550-N reciprocating engines with an engine serial number below 1012296 and an oil cooler cross fitting, part number AN918-1J or AN918-2J, installed.
2016-21-01	This AD becomes effective November 18, 2016.
2016-20-04	This AD becomes effective October 18, 2016.
2016-19-09	This AD applies to General Electric Company (GE) GE90-76B, GE90- 77B, GE90-85B, GE90-90B, and GE90-94B turbofan engines with a high- pressure compressor (HPC) stage 8-10 spool, part numbers 1694M80G04, 1844M90G01, or 1844M90G02, installed.
2016-20-01	This AD becomes effective October 17, 2016.
2016-18-17	This AD applies to Honeywell International Inc. (Honeywell) TPE331-3U, -3UW, -5, -5A, -5AB, -5B, -6, -6A, -8, -10, -10AV, -10GP, -10GT, -10N, -10P, -10R, -10T, -10U, -10UA, -10UF, -10UG, -10UGR, - 10UR, and -11U model turboprop engines, and TSE331-3U model turboshaft engines, with a 2nd stage compre
2016-19-15	This AD applies to REIMS AVIATION S.A. F406 airplanes, serial numbers F406-0001 through F406-0098, certificated in any category.
2016-19-05	This AD applies to International Aero Engines AG (IAE) V2500-A1 turbofan engines with serial numbers listed under Planning Information, Effectivity Data in IAE Non-Modification Service Bulletin (NMSB) V2500-ENG-72-0670, dated March 14, 2016.
2016-19-08	This AD applies to Viking Air Limited Models DHC-2 Mk. I, DHC-2 Mk. II, and DHC-2 Mk. III airplanes, all serial numbers, certificated in any category.
2016-18-18	This AD becomes October 20, 2016.
2016-18-10	This AD applies to International Aero Engines AG (IAE) V2522-A5, V2524-A5, V2525-D5, V2527-A5, V2527E-A5, V2527M-A5, V2528-D5, V2530- A5, and V2533-A5 engines with either of the following installed: (1) High-pressure turbine (HPT) stage 1 hub, part number (P/N) 2A5001, with a serial number (S/N) lis
2016-18-05	This AD applies to PILATUS AIRCRAFT LTD. Models PC-12, PC-12/45, PC-12/47, and PC-12/47E airplanes, all serial numbers, that are: (1) Installed with an affected serial number engine mounting frame assembly (EMF), part number (P/N) 571.20.12.036, listed in figure 1 of paragraph (c)(1) of this AD; and
2016-17-08	This AD applies to Textron Aviation, Inc. Models 310 through 310R, E310H, E310J, T310P through T310R, 310J-1, 320 through 320F, 320-1, 335, 340, 340A, 401 through 401B, 402 through 402C, 411, 411A, 414, 414A, and 421 through 421C airplanes (type certificates 3A10, 3A25, and A7CE previously held by C
2016-17-05	This AD applies to RUAG Aerospace Services GmbH Models 228-100, 228-101, 228-200, 228-201, 228-202, and 228-212 airplanes, all serial numbers, certificated in any category.
2016-17-01	This AD applies to Rolls-Royce Deutschland Ltd & Co (RRD) KG Tay 650-15 and Tay 651-54 turbofan engines with stage 1 high-pressure turbine (HPT) disks, part number (P/N) JR32013 or P/N JR33838, or stage 1 low-pressure turbine (LPT) disks, P/N JR32318A, installed.
2016-17-04	This AD applies to all hot air balloons, certificated in any category, with BALÓNY KUBÍ[Ccaron]EK spol. s r.o. Model Kubí[ccaron]ek burners.
2016-16-12	This AD applies to all Continental Motors, Inc. (CMI) model -520 and -550 reciprocating engines, and to all other CMI engine models approved for the use of model -520 and -550 cylinder assemblies such as the CMI model -470 when modified by supplemental type certificate (STC), with Continental Motors
2016-16-03	This AD applies to Pacific Aerospace Limited Models FU24-954 and FU24A-954 airplanes, all serial numbers, that are: (1) Equipped with an elevator torque tube, part number (P/N) 242837, 242527, 242835, or 242646; and (2) Certificated in any category.
2016-14-10	This AD applies to CFM International, S.A. CFM56-3, CFM56-3B, and CFM56-3C turbofan engines, modified by Supplemental Type Certificate SE00034EN, with a high-pressure turbine (HPT) disk, part number (P/N) 880026, serial number (S/N) GKLBAA9307, GKLBAA9335, GKLBAA9404, GKLBAA9407, or GKLBAA9409, inst
2016-15-02	This AD applies to M7 Aerospace LLC Models SA26-AT, SA26-T, SA226-AT, SA226-T, SA226-T(B), SA226-TC, SA227-AC (C-26A), SA227-AT, SA227-BC (C-26A), SA227-CC, SA227-DC (C-26B), and SA227-TT airplanes, all serial numbers, certificated in any category.
2016-12-51	This AD becomes effective July 20, 2016 to all persons except those persons to whom it was made immediately effective by Emergency AD 2016-12-51 issued on June 3,  2016, which contains the requirements of this AD.
2016-13-12	(1) This AD applies to: (i) Rolls-Royce Deutschland (RRD) BR700-710A1-10 engines with serial number (S/N) 11505 and below and with a low-pressure turbine (LPT) module, part number (P/N) M51-104 or P/N M51-111, installed; (ii) RRD BR700-710A2-20 engines with S/N 12492 and below and with an LPT module
2016-13-07	This AD becomes effective August 2, 2016.
2016-13-06	This AD applies to Saab AB, Saab Aeronautics (Type Certificate Previously Held by Saab AB, Saab Aerosystems) airplanes, certificated in any category, identified in paragraphs (c)(1) and (c)(2) of this AD. (1) Saab AB, Saab Aeronautics Model 340A (SAAB/SF340A) airplanes, serial numbers (S/Ns) 004 thr
2016-13-06	This AD applies to Saab AB, Saab Aeronautics (Type Certificate Previously Held by Saab AB, Saab Aerosystems) airplanes, certificated in any category, identified in paragraphs (c)(1) and (c)(2) of this AD. (1) Saab AB, Saab Aeronautics Model 340A (SAAB/SF340A) airplanes, serial numbers (S/Ns) 004 thr
2016-13-05	This AD applies to General Electric Company (GE) GE90-76B, GE90- 77B, GE90-85B, GE90-90B, and GE90-94B turbofan engines with a high- pressure compressor (HPC) stage 8-10 spool, part numbers (P/Ns) 1694M80G04, 1844M90G01, or 1844M90G02, installed.
2016-13-04	This AD applies to BRP-Powertrain GmbH & Co KG Rotax model 912 F2, 912 F3, 912 F4, 912 S2, 912 S3, 912 S4, 914 F2, 914 F3, and 914 F4 reciprocating engines with a cylinder head that has a part number (P/N) listed in Figure 1 to paragraph (c) of this AD and that is installed in position 2 or 3.  Figu
2016-12-13	This AD supersedes AD 2000-05-17, Amendment 39-11627 (65 FR 13875, March 15, 2000) and AD 2001-04-12, Amendment 39-12131 (66 FR 13232, March 5, 2001).
2016-12-07	This AD applies to Turbomeca S.A., Astazou XIV B and XIV H turboshaft engines with the following part number (P/N) and serial number (S/N) third stage turbine wheels that incorporate modification AB 173 (Turbomeca S.A. Service Bulletin (SB) No. 283 72 0091) or modification AB 208 (Turbomeca S.A. SB 
2016-12-06	This AD applies to Turbomeca S.A. MAKILA 2A and MAKILA 2A1 turboshaft engine models with a high-pressure gas generator module (M03) that has modification (mod) TU 52 installed.
2016-12-08	This AD applies to Grob Aircraft AG Models G115EG airplanes, serial numbers up to and including 82323/E, certificated in any category.
2016-12-02	This AD applies to all serial numbers of the airplanes listed in table 1 of paragraph (c) of this AD, that are: (1) equipped with a BRP-Powertrain GmbH & Co KG (formerly Rotax Aircraft Engines) 912 A series engine with a part number (P/N) 413235 or 413236 cylinder head installed in position 2 or 3; 
2016-12-01	This AD applies to PILATUS AIRCRAFT LTD. PC-12, PC-12/45, PC-12/ 47, and PC-12/47E airplanes, all serial numbers delivered before January 1, 2015, certificated in any category. Note 1 to paragraph (c) of this AD: The date of delivery may be found as the issue date of the EASA Form 52, which is part 
2016-11-20	This AD applies to B/E Aerospace Protective Breathing Equipment (PBE), part number (P/N) 119003-11, that is installed on airplanes.
2016-11-12	This AD applies to EVEKTOR, spol. s.r.o. Models L 13 SEH VIVAT and L 13 SDM VIVAT gliders (type certificate previously held by AEROTECHNIK s.r.o.), all serial numbers, certificated in any category.
2016-11-13	This AD applies to BLANIK LIMITED Models L-13 Blanik and L-13 AC Blanik gliders (type certificate previously held by LET Aeronautical Works), all serial numbers, certificated in any category.
2016-11-11	This AD applies to EVEKTOR, spol. s.r.o. L 13 SEH VIVAT and L 13 SDM VIVAT gliders (type certificate previously held by AEROTECHNIK s.r.o.), all serial numbers, certificated in any category.
2016-11-21	This AD becomes effective July 11, 2016.
2016-11-10	This AD applies to BLANIK LIMITED Models L-13 Blanik and L-13 AC Blanik gliders (type certificate previously held by LET Aeronautical Works), all serial numbers, certificated in any category.
2016-11-09	This AD applies to all Arriel 1D and 1D1 turboshaft engines with a pre-modification (mod) TU357 gas generator module (M03), installed.
2016-10-01	This AD applies to M7 Aerospace LLC Models SA226-AT, SA226-T, SA226-T (B), SA226-TC, SA227-AC (C-26A), SA227-AT, SA227-BC (C-26A), SA227-CC, SA227-DC (C-26B), and SA227-TT airplanes, all serial numbers, certificated in any category.
2016-09-09	This AD supersedes AD 2013-08-17, Amendment 39-17434 (78 FR 25380, May 1, 2013).
2016-09-02	This AD applies to all Astazou XIV B and XIV H turboshaft engines with 3rd stage turbine wheel, part number (P/N) 0 265 25 700 0 or P/N 0 265 25 706 0, installed, if the engine incorporates Turbomeca modification AB-173 or AB-208.
2016-08-19	This AD applies to Mitsubishi Heavy Industries, Ltd. Models MU- 2B-30, MU-2B-35, and MU-2B-36 airplanes, serial numbers 502 through 696, except 652 and 661, and Models MU-2B-36A and MU-2B-60 airplanes, serial numbers 661SA, and 697SA through 1569SA, certificated in any category.
2016-08-20	This AD supersedes AD 2014-12-51, Amendment 39-17921 (79 FR 45335, August 5, 2014).
2016-08-09	(1) This AD applies to all Pratt & Whitney Division (PW) PW4050, PW4052, PW4056, PW4060, PW4060A, PW4060C, PW4062, PW4062A, PW4152, PW4156, PW4156A, PW4158, PW4160, PW4460, PW4462, and PW4650 turbofan engines, including models with a ``-3'' suffix, with one of the following installed: (i) High-press
2016-08-10	This AD applies to all General Electric Company (GE) CF6-80C2A1, CF6-80C2A2, CF6-80C2A3, CF6-80C2A5, CF6-80C2A5F, CF6-80C2A8, CF6- 80C2B1, CF6-80C2B1F, CF6-80C2B1F1, CF6-80C2B1F2, CF6-80C2B2, CF6- 80C2B2F, CF6-80C2B3F, CF6-80C2B4, CF6-80C2B4F, CF6-80C2B5F, CF6- 80C2B6, CF6-80C2B6F, CF6-80C2B6FA, CF6
2016-08-21	This AD becomes effective May 31, 2016.
2016-08-17	This AD supersedes AD 2010-19-51, Amendment 39-16523 (75 FR 71540, November 24, 2010).
2016-08-16	This AD applies to all Turbomeca S.A. Arriel 2E turboshaft engines that have a pre-TU 193 adjusted high-pressure/low-pressure (HP/LP) pump and metering valve assembly, installed.
2016-08-08	This AD applies to SOCATA Models MS 880B, MS 885, MS 892A-150, MS 892E-150, MS 893A, MS 893E, MS 894A, MS 894E, Rallye 100S, Rallye 150ST, Rallye 150T, Rallye 235E, and Rallye 235C airplanes, all serial numbers, certificated in any category.
2016-07-27	This AD becomes effective May 18, 2016.
2016-08-07	This AD applies to Rolls-Royce plc RB211-22B-02, RB211-22B (MOD 72-8700), RB211-524B-02, RB211-524B-B-02, RB211-524B2-19, RB211- 524B2-B-19, RB211-524B3-02, RB211-524B4-02, RB211-524B4-D-02, RB211- 524C2-19, RB211-524C2-B-19, RB211-524D4-19, RB211-524D4-B-19, RB211- 524D4X-19, RB211-524D4X-B-19, RB2
2016-07-29	This AD becomes effective May 16, 2016.
2016-07-26	This AD replaces AD 2010-23-02, Amendment 39-16491 (75 FR 68169, November 5, 2010).
2016-07-24	This AD applies to Textron Aviation, Inc. Models 310 through 310R, E310H, E310J, T310P through T310R, 310J-1, 320 through 320F, 320-1, 335, 340, 340A, 401 through 401B, 402 through 402C, 411, 411A, 414, 414A, and 421 through 421C airplanes (type certificates 3A10, 3A25, and A7CE previously held by C
2016-07-13	This AD applies to GE Aviation Czech s.r.o M601E-11 turboprop engine models with engine power turbine (PT) disk, part number 3220.6 and serial number EE8, EF8, or KR5, installed.
2016-06-14	This AD applies to all General Electric Company (GE) CF6-80E1 turbofan engines with rotating compressor discharge pressure (CDP) seals, part number (P/N) 1669M73P02, installed.
2016-07-19	This AD applies to all Technify Motors GmbH TAE 125-02-99 and TAE 125-02-114 reciprocating engines with a fuel feed pump, part number (P/N) 05-7312-K0073xx, or P/N 05-7312-K0133xx, where ``xx'' can be any number, installed.
2016-07-02	This AD applies to all Honeywell International Inc. (Honeywell) TFE731-4, -4R, -5AR, -5BR, and -5R turbofan engines with an interstage turbine transition (ITT) duct, part number (P/N) 3075292- 4, installed, with a serial number (S/N) listed in Table 2 of Honeywell Service Bulletin (SB) TFE731-72-378
2016-07-11	This AD applies to Weatherly Aircraft Company Models 201, 201A, 201B, 201C, 620, 620A, 620B, 620B-TG, and 620TP airplanes, all serial numbers, that: (1) have center and outer wing front spar lower hinge fittings, part number 40223 (any dash number configuration), installed; and (2) are certificated 
2016-07-01	This AD supersedes AD 2014-07-04R1, Amendment 39-17964 (79 FR 54893, September 15, 2014).
2016-06-09	This AD applies to all Turbomeca S.A. Makila 2A and 2A1 turboshaft engines that have incorporated Turbomeca S.A. Service Bulletin No. 298 79 2831, Version B, dated November 13, 2015, or earlier.
2016-05-13	This AD applies to Pratt & Whitney Canada Corp. (P&WC) PT6A- 60AG, BS919 and BS1048 with pre-Service Bulletin (S.B.) No. PT6A-72- 13402, dated August 12, 2005 configuration; PT6A-65AG, BS708, BS903, BS1101, and BS1102 with pre-S.B. No. PT6A-72-13408, dated July 3, 2006 configuration; PT6A-67AF; and 
2016-05-08	This AD applies to Turbomeca S.A. Turmo IV A and IV C turboshaft engines.
2016-05-07	This AD applies to Engine Alliance (EA) GP7270 turbofan engines with one or both of the following installed: (1) A high-pressure compressor (HPC) rotor stage 2 to 5 spool, part number (P/N) 382-104-807-0, with a serial number (S/N) listed in EA Service Bulletin (SB) EAGP7-72-327, dated July 21, 2015
2016-04-13	This AD applies to Rolls-Royce plc (RR) RB211 Trent 768-60, 772- 60, and 772B-60 turbofan engines, all serial numbers, except those engines: (1) That have had Modification 72-H754 applied in production, or (2) that have been modified in accordance with RR Service Bulletin (SB) No. RB.211-72-H754, in
2016-06-01	This AD applies to B-N Group Ltd. Models BN-2, BN-2A, BN-2A-2, BN-2A-3, BN-2A-6, BN-2A-8, BN-2A-9, BN-2A-20, BN-2A-21, BN-2A-26, BN-2A-27, BN-2B-20, BN-2B-21, BN-2B-26, BN-2B-27, BN2A MK. III, BN2A MK. III-2, BN2A MK. III-3 BN2A, BN2B, and BN2A MKIII, BN2A, BN2B, and BN2A MKIII (all models on TCDS A
2016-05-04	This AD applies to Dowty Propellers R352/6-123-F/1, R352/6-123- F/2, and R410/6-123-F/35 model propellers, part numbers (P/Ns) 660715001, 660715004, and 660715005 with hub P/Ns 660715201, 660715255, 660720217, 660720241, 660720252, 660720260, and 660720288, installed.
2016-05-11	This AD becomes effective March 28, 2016.
2016-05-09	This AD becomes effective April 15, 2016.
2016-05-10	This AD becomes effective March 28, 2016.
2016-03-03	This AD applies to all Rolls-Royce plc (RR) Viper Mk. 521, Viper Mk. 522, and Viper Mk. 601-22 turbojet engines.
2016-04-12	This AD applies to Turbomeca S.A. Arriel 2B, 2B1, 2C, 2C1, 2C2, 2D, 2E, 2S1, and 2S2 turboshaft engines with an engine accessory gearbox (AGB), part number (P/N) 0292120650, with a machined front casing.
2016-05-06	This AD supersedes AD 2014-07-52, Amendment 39-17858 (79 FR 33054, June 10, 2014).
2016-04-04	This AD applies to M7 Aerospace LLC Models SA26-AT, SA226-T(B), SA226-AT, SA226-T, SA226-TC, SA227-AC (C-26A), SA227-AT, SA227-BC (C-26A), SA227-CC, SA227-DC (C-26B), and SA227-TT airplanes, all serial numbers, certificated in any category.
2016-04-11	This AD applies to all General Electric Company (GE) GEnx-1B54, -1B58, -1B64, -1B67, and -1B70 turbofan engine models with high- pressure turbine (HPT) rotor stage 1 blade, part number 2305M26P06, installed.
2016-04-14	(1) This AD applies to Turbomeca S.A. Arriel 1E2 turboshaft engines with tachometer boxes with the following part number (P/N) and serial number (S/N) combinations: (i) P/N 9580116170--all S/Ns (ii) P/N 9580116260--all S/Ns (iii) P/N 9580116900--all S/Ns (iv) P/N 9580117110--all S/Ns (v) P/N 9580117
2016-04-15	This AD becomes effective March 31, 2016.
2016-04-05	This AD applies to B-N Group Ltd. Models BN-2, BN-2A, BN-2A-2, BN-2A-3, BN-2A-6, BN-2A-8, BN-2A-9, BN-2A-20, BN-2A-21, BN-2A-26, BN-2A-27, BN-2B-20, BN-2B-21, BN-2B-26, BN-2B-27, BN2A MK. III, BN2A MK. III-2, and BN2A MK. III-3 airplanes, all serial numbers, certificated in any category.
2016-03-02	This AD applies to Turbomeca S.A. ARRIEL 2C, 2C1, 2C2, 2S1, and 2S2 turboshaft engines with modification TU34 or TU34A installed.
2016-03-04	This AD applies to all Rolls-Royce plc (RR) RB211-535E4-37, RB211-535E4-B-37, and RB211-535E4-C-37 turbofan engines.
2016-03-05	This AD supersedes AD 2014-13-01, Amendment 39-17875 (79 FR 36635, June 30, 2014).
2016-02-06	This AD becomes effective February 2, 2016.
2015-22-51	This AD becomes effective February 16, 2016 to all persons except those persons to whom it was made immediately effective by Emergency AD 2015-22-51, issued on October 23, 2015, which contains the requirements of this AD.
2015-28-01	This AD applies to Engine Alliance (EA) GP7270 turbofan engines with a high-pressure compressor (HPC) cone shaft, part number 382- 100-907-0, installed.
2016-02-04	This AD applies to CFM International S.A. (CFM) CFM56-5B engines with turbine rear frame (TRF), part number (P/N) 338-102-907-0 or P/ N 338-102-908-0, installed.
2016-01-19	This AD becomes effective February 25, 2016.
2016-01-15	This AD becomes effective February 25, 2016.
2016-01-14	This AD becomes effective February 25, 2016.
2016-01-06	This AD becomes effective January 28, 2016.
2015-27-01	This AD applies to General Electric Company (GE) GE90-76B, -77B, -85B, -90B, and -94B turbofan engines with high-pressure compressor (HPC) stage 8-10 spool, part number 1694M80G04, installed.
2015-26-10	This AD becomes effective February 9, 2016.
2015-26-04	This AD supersedes AD 2002-13-11, Amendment 39-12799 (67 FR 45295, July 9, 2002).
2015-26-01	This AD becomes effective January 26, 2016.
2015-25-04	This AD becomes effective December 24, 2015.
2015-22-53	This AD supersedes Emergency AD 2015-22-52, Directorate Identifier 2015-SW-074-AD, dated October 28, 2015.
2015-24-03	This AD applies to SOCATA Models TB 9, TB 10, TB 20, TB 21, and TB 200 airplanes, all manufacturer serial numbers, certificated in any category.
2015-24-02	This AD applies to Viking Air Limited DHC-3 airplanes, all serial numbers, certificated in any category.
2015-23-09	This AD applies to Zodiac Aerotechnics (formerly Intertechnique Aircraft Systems) flightcrew oxygen mask regulators having part number MC10, MF10, and MF20 series, with serial numbers listed in Appendix 1 of Zodiac Services Service Bulletin MCF-SBU-35-001, Revision 1, dated December 3, 2012. These o
2015-23-04	This AD applies to all General Electric Company (GE) GEnx-1B model turbofan engines with oil filler cap, part number (P/N) 2349M62G01, installed, that do not contain any of the following markings after the P/N on the oil filler cap scupper: ``P/M BALL PP,'' or ``RW,'' or ``79-0022.''
2015-23-01	This AD becomes effective December 15, 2015.
2015-23-02	This AD becomes effective November 24, 2015.
2015-22-04	This AD applies to Fiberglas-Technik Rudolf Lindner GmbH & Co. KG Models G103 TWIN ASTIR, G103 TWIN II, and G103A TWIN II ACRO gliders, all manufacturer serial numbers, certificated in any category.
2015-17-21	This AD applies to all Rolls-Royce plc (RR), RB211-535E4-37, RB211-535E4-B-37, and RB211-535E4-C-37 turbofan engines.
2015-22-03	This AD applies to: (1) All Pratt & Whitney Division PW4164, PW4168, PW4168A, PW4164C, PW4164C/B, PW4164-1D, PW4168-1D, PW4168A-1D, PW4170, PW4164C-1D, and PW4164C/B-1D turbofan engines with a low-pressure turbine (LPT) 4th stage inner air seal (IAS), part number (P/N) 51N038, installed. (2) All PW4
2015-22-02	This AD supersedes Emergency AD 2015-16-51, Directorate Identifier 2015-SW-23-AD, dated August 6, 2015.
2015-19-51	This AD becomes effective November 10, 2015 to all persons except those persons to whom it was made immediately effective by Emergency AD 2015-19-51, issued on September 14, 2015, which contains the requirements of this AD.
2015-21-01	This AD applies to Technify Motors GmbH TAE 125-02-99 (commercial designation CD-135, formerly Centurion 2.0) and TAE 125- 02-114 (commercial designation CD-155, formerly Centurion 2.0S) reciprocating engines, with a dual mass flywheel installed.
2015-21-04	This AD applies to all Pratt & Whitney (PW) PW4164, PW4168, PW4168A, PW4164-1D, PW4168-1D, PW4168A-1D, and PW4170 turbofan engines with 6th stage low-pressure turbine (LPT) disks, part number 50N886, installed.
2015-20-12	This AD supersedes AD 98-26-02, Amendment 39-10943 (63 FR 69177, December 16, 1998).
2015-18-04	This AD applies to CFM International S.A. (CFM) CFM56-7B and CFM56-3 engines with a 73-tooth or 41-tooth gearshaft installed in the accessory gearbox (AGB), that has a gearshaft serial number in Appendix A or Appendix B of CFM Service Bulletin (SB) No. CFM56-7B S/B 72-0964, Revision 1, dated Decembe
2015-20-09	This AD applies to all General Electric Company (GE) CT58-100-2, CT58-110-1, CT58-110-2, CT58-140-1, and CT58-140-2 turboshaft engines.
2015-20-03	This AD applies to Pratt & Whitney Canada Corp. (P&WC) PW120, PW121, and PW121A turboprop engines with post SB 21610 configuration; PW124B, PW127, PW127E, and PW127F turboprop engines with post SB 21607 configuration; PW127E and PW127F turboprop engines with serial numbers (S/Ns) PCE-EB0366 and earl
2015-20-04	This AD applies to Pratt & Whitney Canada Corp. (P&WC) PT6B-37A turboshaft engines with engine serial numbers identified in Table 1 of paragraph 4, Appendix, in P&WC Service Bulletin (SB) No. PT6B-72- 39095, Revision No. 3, dated December 29, 2014.
2015-18-03	This AD applies to Honeywell International Inc. TPE331-5, -5A, - 5AB, -5B, -10, -10R, -10U, -10UF, -10UG, -10UGR, and -10UR model turboprop engines, with an engine propeller shaft coupling, part number (P/N) 3107065-1, 865888-3, 865888-6, or 865888-8, installed.
2015-18-51	This AD becomes effective October 20, 2015 to all persons except those persons to whom it was made immediately effective by Emergency AD 2015-18-51, issued on September 11, 2015, which contains the requirements of this AD.
2015-19-15	This AD applies to PILATUS AIRCRAFT LTD. Models PC-12, PC-12/45, and PC-12/47E airplanes, manufacturer serial numbers 244, 307, 409, 646, 1447 through 1450, 1461, 1462, 1466 through 1514, 1516 through 1520, and 1523, certificated in any category.
2015-19-14	This AD becomes effective November 3, 2015.
2015-19-10	This AD applies to M7 Aerospace LLC Models SA26-AT, SA26-T, SA226-AT, SA226-T, SA226-T(B), SA226-TC, SA227-AC (C-26A), SA227-AT, SA227-BC (C-26A), SA227-CC, SA227-DC (C-26B), SA227-TT, all serial numbers, certificated in any category.
2015-18-04	This AD applies to CFM International S.A. (CFM) CFM56-7B and CFM56-3 engines with a 73-tooth or 41-tooth gearshaft installed in the accessory gearbox (AGB), that has a gearshaft serial number in Appendix A or Appendix B of CFM Service Bulletin (SB) No. CFM56-7B S/B 72-0964, Revision 1, dated Decembe
2015-17-19	This AD applies to all Rolls-Royce plc (RR) RB211 Trent 768-60, 772-60, and 772B-60 turbofan engines, if fitted with fuel tube, part number (P/N) FW53576, which was incorporated through RR production modification 73-F343 or which were modified in service in accordance with RR Service Bulletin (SB) N
2015-18-01	This AD applies to Vulcanair S.p.A. Models P.68R airplanes, serial numbers 458/R and subsequent, certificated in any category.
2015-17-17	This AD applies to all Pratt & Whitney (PW) PW4164-1D, PW4168- 1D, PW4168A-1D and PW4170 engines; and all PW4164, PW4168, and PW4168A turbofan engines that have incorporated either PW Service Bulletin (SB) No. PW4G-100-72-214, dated December 15, 2011 or PW SB No. PW4G-100-72-219, Revision 1, dated O
2015-17-18	This AD applies to all Turbomeca S.A. Arrius 2F turboshaft engines with oil pump, part number (P/N) 0319155050, installed, except for: (1) Engines, equipped with an oil pump, P/N 0319155050, that were overhauled in a Turbomeca repair center after January 1, 2013, and (2) Engines with a serial number
2015-17-20	This AD applies to certain serial number (S/N) GE Aviation Czech s.r.o. M601E-11, M601E-11A, and M601F turboprop engine models, with gas generator turbine (GGT) blade, part number (P/N) M601-3372.6 or M601-3372.51, installed, as follows: (1) Model M601E-11: S/Ns 862001, 863008, 894018, 034005, 03400
2015-17-20	This AD applies to certain serial number (S/N) GE Aviation Czech s.r.o. M601E-11, M601E-11A, and M601F turboprop engine models, with gas generator turbine (GGT) blade, part number (P/N) M601-3372.6 or M601-3372.51, installed, as follows: (1) Model M601E-11: S/Ns 862001, 863008, 894018, 034005, 03400
2015-17-20	This AD applies to certain serial number (S/N) GE Aviation Czech s.r.o. M601E-11, M601E-11A, and M601F turboprop engine models, with gas generator turbine (GGT) blade, part number (P/N) M601-3372.6 or M601-3372.51, installed, as follows: (1) Model M601E-11: S/Ns 862001, 863008, 894018, 034005, 03400
2015-17-11	This AD becomes effective September 29, 2015.
2015-17-01	This AD supersedes 2013-21-01, Amendment 39-17625 (78 FR 63853, October 25, 2013).
2015-17-02	This AD supersedes AD 2001-13-51, Amendment 39-12443, Docket No. 2001-SW-29-AD (66 FR 48535, September 21, 2001).
2015-16-03	This AD applies to all Rolls-Royce plc (RR) RB211-524B-02, RB211-524B2-19, RB211-524B3-02, RB211-524B4-02, RB211-524B4-D-02, RB211-524C2-19, RB211-524D4-19, RB211-524D4-39, and RB211-524D4X-19 turbofan engines with high-pressure turbine (HPT) blades, part numbers (P/Ns) UL32958 and UL21691, installe
2015-13-04	This AD applies to all Turbomeca S.A. Arriel 1A1, 1A2, 1B, 1C, 1C1, 1C2, 1D, 1D1, 1E2, 1K1, 1S, 1S1, 2B, 2B1, 2C, 2C1, 2C2, 2S1, and 2S2 turboshaft engines.
2015-15-04	This AD becomes effective August 7, 2015.
2015-14-05	This AD applies to all Pratt & Whitney (PW) JT8D-217C and JT8D- 219 turbofan engines with low-pressure turbine (LPT) shaft part numbers 783319, 783319-001, 783319-003, 783319-004, 783320, 783320- 001, 783320-003, 783320-004, 820514-001, 820514-003, 820514-004, or 820514-005, installed.
2015-15-03	This AD applies to all General Electric Company (GE) GEnx-1B model turbofan engines with full authority digital engine control (FADEC) software version B175 or earlier, installed, and GEnx-2B model turbofan engines with FADEC software version C065 or earlier, installed.
2015-12-04	This AD applies to all Honeywell International Inc. TPE331-1, - 2, -2UA, -3U, -3UW, -5, -5A, -5AB, -5B, -6, -6A, -10, -10AV, -10GP, -10GT, -10P, -10R, -10T, -10U, -10UA, -10UF, -10UG, -10UGR, -10UR, - 11U, -12JR, -12UA, -12UAR, and -12UHR turboprop engines with Honeywell part numbers (P/Ns) for Wood
2015-14-02	This AD applies to GE Aviation Czech s.r.o. M601E-11, M601E-11A, and M601F turboprop engines with the following serial numbers (S/Ns): (1) Model M601E-11: S/Ns 833244, 841289, 852239, 861007, 881217, 884021, 892046, 892219, 894018, 903028, 913038, and 912023. (2) Model M601E-11A: S/Ns 902004 and 883
2015-14-02	This AD applies to GE Aviation Czech s.r.o. M601E-11, M601E-11A, and M601F turboprop engines with the following serial numbers (S/Ns): (1) Model M601E-11: S/Ns 833244, 841289, 852239, 861007, 881217, 884021, 892046, 892219, 894018, 903028, 913038, and 912023. (2) Model M601E-11A: S/Ns 902004 and 883
2015-14-02	This AD applies to GE Aviation Czech s.r.o. M601E-11, M601E-11A, and M601F turboprop engines with the following serial numbers (S/Ns): (1) Model M601E-11: S/Ns 833244, 841289, 852239, 861007, 881217, 884021, 892046, 892219, 894018, 903028, 913038, and 912023. (2) Model M601E-11A: S/Ns 902004 and 883
2015-14-04	This AD becomes effective August 17, 2015.
2015-13-11	This AD becomes effective August 11, 2015.
2015-13-10	This AD applies to the following M7 Aerospace LLC airplanes, certificated in any category, as identified in table 1 of paragraph (c) of this AD:  Table 1 of Paragraph (c) of This AD--Applicability Model Serial numbers  SA226-T........................... T265, T267 SA226-T(B)........................ 
2015-12-10	This AD applies to all Pratt & Whitney Division (PW) PW6122A and PW6124A turbofan engines with high-pressure compressor (HPC) 7th stage integrally bladed (IB) rotor, part number (P/N) 5495637, installed.
2015-12-09	This AD becomes effective July 23, 2015.
2014-12-04	This AD applies to all Honeywell International Inc. TPE331-1, - 2, -2UA, -3U, -3UW, -5, -5A, -5AB, -5B, -6, -6A, -10, -10AV, -10GP, -10GT, -10P, -10R, -10T, -10U, -10UA, -10UF, -10UG, -10UGR, -10UR, - 11U, -12JR, -12UA, -12UAR, and -12UHR turboprop engines with Honeywell part numbers (P/Ns) for Wood
2015-10-51	Avidyne Corporation (Avidyne) Integrated Flight Displays (IFDs) part number (P/N) 700-00083-() loaded with software release 9.3.1.0 or earlier release (referred to as Model R9--10 inch), P/N 700- 00171-() loaded with software release 9.2.5.0 or earlier release (referred to as Model R9--12 inch), and
2015-10-51	Avidyne Corporation (Avidyne) Integrated Flight Displays (IFDs) part number (P/N) 700-00083-() loaded with software release 9.3.1.0 or earlier release (referred to as Model R9--10 inch), P/N 700- 00171-() loaded with software release 9.2.5.0 or earlier release (referred to as Model R9--12 inch), and
2015-10-51	Avidyne Corporation (Avidyne) Integrated Flight Displays (IFDs) part number (P/N) 700-00083-() loaded with software release 9.3.1.0 or earlier release (referred to as Model R9--10 inch), P/N 700- 00171-() loaded with software release 9.2.5.0 or earlier release (referred to as Model R9--12 inch), and
2015-05-51	This AD becomes effective July 1, 2015 to all persons except those persons to whom it was made immediately effective by EAD 2015- 05-51, issued on March 3, 2015, which contained the requirements of this AD.
2015-12-02	This AD becomes effective July 14, 2015.
2015-12-01	This AD becomes effective July 14, 2015.
2015-11-09	This AD becomes effective July 14, 2015.
2015-11-08	This AD supersedes AD 2014-02-08, Amendment 39-17736 (79 FR 5257, January 31, 2014).
2015-11-10	This AD becomes effective July 14, 2015.
2015-11-07	This AD becomes effective June 24, 2015.
2015-11-06	This AD supersedes AD 2013-18-01, Amendment 39-17574 (78 FR 56599, September 13, 2013).
2015-10-07	This AD applies to all Turbomeca S.A. Arrius 2F turboshaft engines.
2015-10-06	This AD applies to all Lycoming TIO-540-AJ1A reciprocating engines listed by engine serial number (S/N) in Figure 1 to paragraph (c) of this AD and to any TIO-540-AJ1A reciprocating engine with a replacement turbocharger mounting bracket installed that was purchased between April 5, 2012 and May 29,
2015-11-01	This AD applies to Slingsby Aviation Ltd. Models T67M260 and T67M260-T3A airplanes, all serial numbers, certificated in any category.
2015-10-04	This AD applies to: (1) All International Aero Engines AG (IAE) V2500-A1 turbofan engines; and (2) All IAE V2525-D5 and V2528-D5 turbofan engines; and (3) IAE V2522-A5, V2524-A5, V2527-A5, V2527E-A5, V2527M-A5, V2530-A5, and V2533-A5 turbofan engines with serial numbers (S/Ns) V10001 through V13190,
2015-10-05	This AD becomes effective June 5, 2015.
2015-08-51	This AD supersedes Emergency AD 2015-04-51, Directorate Identifier 2015-SW-002-AD, dated February 12, 2015.
2015-08-07	This AD applies to Zodiac Aerotechnics (formerly Intertechnique Aircraft Systems) flightcrew oxygen mask regulators, all part number (P/N) MA10, MC10, MC20, MF10, MF20, MLC20, MLD20, MRA005, MRA022, and MRA023 series; certificated in any category; installed on, but not limited to, airplanes manufact
2015-09-01	This AD becomes effective June 9, 2015.
2014-17-08R1	This AD applies to all Pratt & Whitney Canada Corp. (P&WC) PT6A- 114 and PT6A-114A turboprop engines.
2015-05-52	This AD becomes effective April 29, 2015 to all persons except those persons to whom it was made immediately effective by Emergency AD 2015-05-52, issued on March 4, 2015, which contains the requirements of this AD.
2015-07-01	This AD applies to all Rolls-Royce plc (RR) RB211-524B-02, RB211-524B-B-02, RB211-524B2-19, RB211-524B2-B-19, RB211-524B3-02, RB211-524C2-19, and RB211-524C2-B-19 turbofan engines with low- pressure turbine (LPT) stage 3 turbine blade, part number (P/N) LK55386, LK86483, or LK86503, installed.
2015-06-02	This AD applies to GA8 Airvan (Pty) Ltd GA8-TC320 airplanes, all serial numbers affected, certificated in any category.
2015-06-03	This AD applies to Stemme AG TSA-M Models S6 and S6-RT gliders, all serial numbers, certificated in any category.
2015-05-05	This AD supersedes AD 2014-04-14, amendment 39-17773 (79 FR 11699, March 3, 2014).
2015-05-06	This AD applies to Flugzeugwerke Altenrheim AG (FFA) Models AS 202/15 ``BRAVO'', AS 202/18A ``BRAVO'', and AS 202/18A4 ``BRAVO'' airplanes, all serial numbers, certificated in any category.
2015-05-04	This AD becomes effective April 20, 2015.
2015-04-06	This AD applies to all Rolls-Royce plc (RR) RB211 Trent 875-17, 877-17, 884-17, 884B-17, 892-17, 892B-17, and 895-17 turbofan engines.
2015-04-05	This AD becomes effective March 12, 2015.
2015-04-04	This AD becomes effective March 11, 2015.
2015-04-02	This AD applies to all CFM International S.A. (CFM) CFM56-7B series turbofan engines.
2015-04-03	This AD applies to Rolls-Royce plc (RR) RB211 Trent 768-60, 772- 60, and 772B-60 turbofan engines, serial numbers 41693 through 42309 inclusive, 42313, 42318, 42319, 42320, 42328, and 42330 with high- pressure/intermediate-pressure (HP/IP) turbine support internal oil feed tube sealing sleeve, part 
2015-02-21	This AD becomes effective March 17, 2015.
2014-22-51	This AD becomes effective February 25, 2015 to all persons except those persons to whom it was made immediately effective by Emergency AD 2014-22-51, issued on October 29, 2014, which contains the requirements of this AD.
2015-02-20	This AD applies to all Rolls-Royce plc (RR) RB211-Trent 553-61, 553A2-61, 556-61, 556A2-61, 556B-61, 556B2-61, 560-61, 560A2-61, 768-60, 772-60, 772B-60, 875-17, 877-17, 884-17, 884B-17, 892-17, 892B-17, 895-17, 970-84, 970B-84, 972-84, 972B-  84, 977-84, 977B-84, and 980-84 turbofan engines.
2015-02-08	This AD applies to all Rolls-Royce Corporation (RRC) AE 2100D2, 2100D2A, 2100D3, and 2100P turboprop engines and AE 3007A1, A1/1, A1/3, A1E, A1P, A2, A3, C, C1, and C2 turbofan engines: (1) With an installed 1st stage gas generator turbine wheel, part number (P/N) 23079946, 23088906, or 23089692, al
2015-02-07	This AD applies to all Lycoming Engines wide deck aerobatic reciprocating engines that have either an ``A'' or an ``E'' at the end of the serial number (e.g., L-12345-51A, or L-12345-51E) and are equipped with a front-mounted propeller governor. Affected reciprocating engine models include, but are 
2015-02-27	This AD supersedes AD 2013-19-19, Amendment 39-17601 (78 FR 60188, October 1, 2013).
2015-02-22	This AD applies to Rolls-Royce Corporation (RRC) 250-B17, -B17B, -B17C, -B17D, -B17E, -B17F, -B17F/1, -B17F/2 turboprop engines; and 250-C20, -C20B, -C20F, -C20J, -C20R, -C20R/1, -C20R/2, -C20R/4, - C20S, and -C20W turboshaft engines; with either a 3rd-stage turbine wheel, part number (P/N) 23065818
2015-02-09	This AD applies to Costruzioni Aeronautiche Tecnam srl P2006T airplanes, all serial numbers, certificated in any category.
2015-02-01	This AD applies to Technify Motors GmbH (TMG) models TAE 125-01 and TAE 125-02-99 reciprocating engines, with a clutch assembly part number (P/N) listed in paragraphs (c)(i) through (c)(v) of this AD, and with a serial number (S/N) listed in either TMG Service Bulletin (SB) No. TM TAE 125-0021, Revi
2015-02-10	This AD applies to Viking Air Limited Models DHC-2 Mk. I, DHC-2 Mk. II, and DHC-2 Mk. III airplanes, all serial numbers, certificated in any category.
2015-01-02	This AD applies to Mitsubishi Heavy Industries, Ltd. Models MU- 2B-30, MU-2B-35, and MU-2B-36 airplanes, serial numbers 502 through 651, 653 through 660, and 662 through 696, and Models MU-2B-36A and MU-2B-60 airplanes, serial numbers 661SA, 697SA through 799SA, and 1501SA through 1569SA, certificat
2014-26-02	This AD becomes effective January 30, 2015.
2014-23-01	This AD applies to all Pratt & Whitney Division (PW) PW4074, PW4074D, PW4077, PW4077D, PW4084D, PW4090, and PW4090-3 turbofan engine models with second-stage high-pressure turbine (HPT) air seal, part number (P/N) 54L041, 50L960, or 50L976, installed.
2014-25-04	This AD applies to Pilatus Aircraft Limited Models PC-6, PC-6- H1, PC-6-H2, PC-6/350, PC-6/350-H1, PC-6/350-H2, PC-6/A, PC-6/A-H1, PC-6/A-H2, PC-6/B-H2, PC-6/B1-H2, PC-6/B2-H2, PC-6/B2-H4, PC-6/C-H2, and PC-6/C1-H2 airplanes, all manufacturer serial numbers (MSN), including MSN 2001 through 2092 (se
2014-23-16	This AD supersedes AD 2011-12-10, Amendment 39-16717 (76 FR 35330, June 17, 2011); corrected March 5, 2012 (77 FR 12991).
2010-17-11R2	This AD applies to Dowty Propellers R408/6-123-F/17 model propellers with a hub, actuator, and backplate assembly line- replaceable unit (LRU) serial number (S/N) below DAP0927.
2014-24-08	This AD applies to all Rolls-Royce plc (RR) RB211-535E4-37, RB211-535E4-B-37, and RB211-535E4-C-37 turbofan engines with low- pressure (LP) fuel filter-to-high-pressure (HP) fuel pump tube assembly, part number (P/N) UL16692, AE709623-1, 163521538, or 163521545, installed.
2014-24-02	This AD supersedes AD 2014-07-51, Amendment 39-17902 (79 FR 45329, August 5, 2014).
2014-23-01	This AD applies to all Pratt & Whitney Division (PW) PW4074, PW4074D, PW4077, PW4077D, PW4084D, PW4090, and PW4090-3 turbofan engine models with second-stage high-pressure turbine (HPT) air seal, part number (P/N) 54L041, 50L960, or 50L976, installed.
2014-23-02	This AD becomes effective December 26, 2014.
2014-22-03	This AD supersedes AD 2012-14-11, Amendment 39-17125 (77 FR 42971, July 23, 2012).
2014-22-01	This AD applies to PILATUS AIRCRAFT LTD. Models PC-12, PC-12/45, PC-12/47, and PC-12/47E airplanes, all manufacturer serial numbers (MSNs), certificated in any category.
2014-22-02	This AD applies to all Rolls-Royce plc (RR) Trent 1000-A, 1000- C, 1000-D, 1000-E, 1000-G, and 1000-H turbofan engines.
2014-21-03	This AD becomes effective November 12, 2014.
2014-21-02	This AD applies to Pacific Aerospace Limited Models FU24-954 and FU24A-954 airplanes, all serial numbers, certificated in any category.
2014-21-01	This AD applies to all General Electric Company (GE) CF6-80C2 and CF6-80E1 series turbofan engines with fuel manifold, part number (P/N) 1303M31G04, 1303M32G04, 1303M31G06, 1303M32G06, 1303M31G07, 1303M32G07, 1303M31G08, 1303M32G08, 1303M31G12, 1303M32G12, 2420M70G01, or 2420M71G01, installed.
2014-20-15	This AD supersedes AD 2012-02-13, Amendment 39-16936 (77 FR 5994, February 7, 2012).
2014-20-16	This AD becomes effective November 12, 2014.
2014-20-12	This AD applies to Alexandria Aircraft LLC (type certificate previously held by Bellanca Aircraft Corp., Viking Aviation, Inc., and Bellanca, Inc.) Models 14-19-3A, 17-30, 17-30A, 17-31, 17-31A, 17-31ATC, and 17-31TC airplanes, all serial numbers (S/Ns), certificated in any category.
2014-20-05	This AD applies to Empresa Brasileira de Aeronautica S. A. (EMBRAER) Models EMB-110P1 and EMB-110P2 airplanes, all serial numbers, certificated in any category.
2014-19-05	This AD applies to all Turbomeca S.A. Arriel 1A1, 1A2, 1B, 1C, 1C1, 1C2, 1D, 1D1, 1E2, 1K1, 1S, 1S1, 2B, 2B1, 2C, 2C1, 2C2, 2S1, and 2S2 turboshaft engines.
2014-19-01	This AD applies to Embraer S.A. Models EMB-505 airplanes, all serial numbers, that are: (1) Equipped with a part number (P/N) DAP00097-01 or P/N DAP00097-02 brake assembly; and (2) certificated in any category.
2014-07-04R1	This AD revises AD 2014-07-04, Amendment 39-17818 (79 FR 21385, April 16, 2014).
2014-18-03	This AD applies to APEX Aircraft Models R 3000/160 airplanes, all serial numbers, certificated in any category.
2014-17-08	This AD applies to all Pratt & Whitney Canada Corp. (P&WC) PT6A- 114 and PT6A-114A turboprop engines.
2014-17-06	This AD applies to Model A330-201, -202, -203, -223, -223F, - 243, -243F, -301, -302, -303, -321, -322, -323, -341, -342, and -343 airplanes; certificated in any category; all manufacturer serial numbers.
2014-17-06	This AD applies to Model A330-201, -202, -203, -223, -223F, - 243, -243F, -301, -302, -303, -321, -322, -323, -341, -342, and -343 airplanes; certificated in any category; all manufacturer serial numbers.
2014-17-06	This AD applies to Model A330-201, -202, -203, -223, -223F, - 243, -243F, -301, -302, -303, -321, -322, -323, -341, -342, and -343 airplanes; certificated in any category; all manufacturer serial numbers.
2014-17-06	This AD applies to Model A330-201, -202, -203, -223, -223F, - 243, -243F, -301, -302, -303, -321, -322, -323, -341, -342, and -343 airplanes; certificated in any category; all manufacturer serial numbers.
2014-17-06	This AD applies to Model A330-201, -202, -203, -223, -223F, - 243, -243F, -301, -302, -303, -321, -322, -323, -341, -342, and -343 airplanes; certificated in any category; all manufacturer serial numbers.
2014-17-03	This AD applies to TAE 125-02-99 and TAE 125-02-114 reciprocating engines with a high-pressure (HP) fuel pump, part number (P/N) 05-7312-K005301 or P/N 05-7312-K005302.
2014-17-01	This AD applies to Viking Air Limited Models DHC-3 airplanes, all serial numbers, certificated in any category.
2014-16-17	This AD applies to Air Tractor, Inc. Models AT-802 and AT-802A airplanes, all serial numbers, that are certificated in any category.
2014-16-24	This AD supersedes AD 2012-10-53, Amendment 39-17254 (77 FR 69558, November 20, 2012).
2014-16-10	This AD applies to Rolls-Royce plc (RR) model RB211 Trent 768- 60, 772-60, and 772B-60 turbofan engines, with low-pressure (LP) compressor blade, part numbers (P/Ns) FK23411, FK25441, FK25968, FW11901, FW15393, FW23643, FW23741, FW23744, KH23403, or KH23404, installed.
2014-16-15	This AD applies to Turbomeca S.A. Makila 2A and Makila 2A1 turboshaft engines with a high-pressure (HP) fuel pump, part number (P/N) 0 298 91 806 0 or P/N 0 298 91 805 0, installed, that have not incorporated Turbomeca modification TU 59.
2014-07-51	This AD becomes effective August 20, 2014 to all persons except those persons to whom it was made immediately effective by Emergency AD (EAD) No. 2014-07-51, issued on March 27, 2014, which contains the requirements of this AD.
2014-16-03	This AD applies to Fuji Heavy Industries, Ltd. Models FA-200- 160, FA-200-180, and FA-200-180AO airplanes, all serial numbers, certificated in any category.
2014-12-51	This AD becomes effective August 20, 2014 to all persons except those persons to whom it was made immediately effective by Emergency AD 2014-12-51, issued on June 10, 2014, which contained the requirements of this AD.
2014-16-01	This AD becomes effective August 20, 2014.
2014-15-18	This AD applies to the following Mooney International Corporation airplanes, certificated in any category:  Models Serial Nos.  (1) M20C........................... 2313. (2) M20E........................... 761. (3) M20M........................... 27-0057. (4) M20R........................... 29-0141 
2014-12-11	This AD becomes effective September 8, 2014.
2014-15-03	This AD applies to Pratt & Whitney Canada Corporation (P&WC) model PW150A turboprop engines, serial number PCE-FA0916 and earlier.
2014-15-01	This AD applies to the M7 Aerospace LLC airplanes listed in paragraphs (c)(1) through (c)(5) of this AD that are equipped with a bayonet shear pin main cabin door latching mechanism and are certificated in any category. Airplanes equipped with a ``click- clack'' main cabin door latching mechanism ar
2014-15-01	This AD applies to the M7 Aerospace LLC airplanes listed in paragraphs (c)(1) through (c)(5) of this AD that are equipped with a bayonet shear pin main cabin door latching mechanism and are certificated in any category. Airplanes equipped with a ``click- clack'' main cabin door latching mechanism ar
2014-15-01	This AD applies to the M7 Aerospace LLC airplanes listed in paragraphs (c)(1) through (c)(5) of this AD that are equipped with a bayonet shear pin main cabin door latching mechanism and are certificated in any category. Airplanes equipped with a ``click- clack'' main cabin door latching mechanism ar
2014-15-01	This AD applies to the M7 Aerospace LLC airplanes listed in paragraphs (c)(1) through (c)(5) of this AD that are equipped with a bayonet shear pin main cabin door latching mechanism and are certificated in any category. Airplanes equipped with a ``click- clack'' main cabin door latching mechanism ar
2014-15-01	This AD applies to the M7 Aerospace LLC airplanes listed in paragraphs (c)(1) through (c)(5) of this AD that are equipped with a bayonet shear pin main cabin door latching mechanism and are certificated in any category. Airplanes equipped with a ``click- clack'' main cabin door latching mechanism ar
2014-15-02	This AD applies to GROB-WERKE GMBH & CO KG Models G102 STANDARD ASTIR III, G102 CLUB ASTIR III, and G102 CLUB ASTIR IIIb gliders and BURKHART GROB LUFT-UND RAUMFAHRT GmbH & CO KG Models G103 TWIN II, G103A TWIN II  ACRO, G103C TWIN III ACRO and Model G 103 C Twin III SL gliders with the following se
2014-06-51	This AD becomes effective July 30, 2014 to all persons except those persons to whom it was made immediately effective by Emergency AD 2014-06-51, issued on March 24, 2014, which contains the requirements of this AD.
2014-13-09	This AD becomes effective July 30, 2014.
2014-12-52	This AD applies to all Honeywell International Inc. TFE731-4, - 4R, -5AR, -5BR, -5R, -20R, -20AR, -20BR, -40, -40AR, -40R, -40BR, - 50R, and -60 turbofan engines with 2nd stage low-pressure turbine (LPT2) blades, part number (P/N) 3075424-1, -2, or -3, installed.
2014-14-02	This AD applies to Pratt & Whitney Canada Corp. (P&WC) PW120, PW121, and PW121A turboprop engines with Post SB21610 configuration; PW124B, PW127, PW127E, and PW127F turboprop engines with either Post SB21607 or Post SB21705 configuration, or both; and PW127G and PW127M turboprop engines.
2014-14-01	This AD applies to all Rolls-Royce plc (RR) RB211 Trent 768-60, 772-60, and 772B-60 turbofan engines prior to engine serial number 42066.
2014-11-05	This AD applies to Pratt & Whitney Canada Corp. (P&WC) turboprop engines as follows: all model PT6A-20, PT6A-20A, PT6A-20B, PT6A-25, PT6A-28, PT6A-34B, PT6A-36, and PT6A-135 engines; model PT6A-11 engines, serial number (S/N) PC-E10539 and earlier; PT6A-11AG, S/N PC-E10224 and earlier; PT6A-15AG eng
2014-13-02	This AD applies to all Rolls-Royce plc (RR) RB211-Trent 875-17, 877-17, 884-17, 884B-17, 892-17, 892B-17, and 895-17 turbofan engines, except those that have been  reworked in accordance with RR Service Bulletin (SB) No. RB.211-72- G604, dated March 18, 2013.
2014-12-05	This AD applies to all Turbomeca S.A. Arriel 2B, 2B1, 2C, 2C1, 2C2, 2S1, and 2S2 turboshaft engines.
2014-13-04	This AD becomes effective July 15, 2014.
2014-13-01	This AD becomes effective July 15, 2014.
2014-12-12	This AD becomes effective August 4, 2014.
2014-13-03	This AD applies to all Rolls-Royce plc (RR) RB211 Trent 553-61, 553A2-61, 556-61, 556A2-61, 556B-61, 556B2-61, 560-61, and 560A2-61 turbofan engines.
2014-10-02	This AD applies to Dornier Luftfahrt GmbH Dornier Models 228- 100, 228-101, 228-200, 228-201, 228-202, and 228-212 airplanes, all serial numbers, certificated in any category.
2014-04-07	This AD supersedes AD 2003-05-03, Amendment 39-13079 (68 FR 11967, March 13, 2003).
2014-12-07	This AD becomes effective July 7, 2014.
2014-12-09	This AD becomes effective July 7, 2014.
2014-12-04	This AD supersedes AD 2003-01-04, Amendment 39-13015 (68 FR 1955, January 15, 2003).
2014-12-03	This AD applies to all Rolls-Royce Deutschland Ltd & Co KG (RRD) BR700-725A1-12 turbofan engines.
2014-07-52	This AD becomes effective June 25, 2014 to all persons except those persons to whom it was made immediately effective by Emergency AD 2014-07-52, issued on March 28, 2014, which contained the requirements of this AD.
2014-11-02	This AD becomes effective July 15, 2014.
2008-21-07R1	This AD applies to Dowty Propellers model R408/6-123-F/17 propellers with blades, part numbers 697071200-18, 697071210-18, 697071227-18, 697071240-18, 697071245-18, or 697071257-18, installed.
2014-12-01	This AD supersedes AD 2013-11-05, Amendment 39-17465 (78 FR 33204, June 4, 2013).
2014-11-07	This AD becomes effective June 18, 2014.
2014-11-08	This AD becomes effective July 8, 2014.
2014-11-06	This AD applies to all Model P-3A or P3A airplanes originally manufactured by Lockheed Martin Aeronautics Company for the military, as identified in paragraphs (c)(1) and (c)(2) of this AD, certificated in any category: (1) Aero Union Corporation Model P3A airplanes; and (2) USDA Forest Service Mode
2014-11-06	This AD applies to all Model P-3A or P3A airplanes originally manufactured by Lockheed Martin Aeronautics Company for the military, as identified in paragraphs (c)(1) and (c)(2) of this AD, certificated in any category: (1) Aero Union Corporation Model P3A airplanes; and (2) USDA Forest Service Mode
2014-10-03	This AD becomes effective June 11, 2014.
2014-10-01	This AD applies to Vulcanair S.p.A. Models P 68, P 68B, P 68C, P 68C-TC, P 68 ``OBSERVER,'' P68TC ``OBSERVER,'' and P68 ``OBSERVER 2'' airplanes, serial numbers (S/N) 01 through 429, S/Ns 431 through 452, and S/N 454, certificated in any category.
2014-09-03	This AD applies to SOCATA TBM 700 airplanes, manufacturer serial numbers (MSN) 1 through 98, 100 through 156, and 158 through 161, certificated in any category.
2014-09-02	This AD applies to M7 Aerospace LLC Models SA226-AT, SA226-T, SA226-T(B), SA226-TC, SA227-AC (C-26A), SA227-AT, SA227-TT, SA227-BC (C-26A), SA227-CC, and SA227-DC (C-26B) airplanes, all serial numbers; Model SA26-T airplanes, serial numbers T26-2 through T26- 99; and Model SA26-AT airplanes, serial 
2014-09-02	This AD applies to M7 Aerospace LLC Models SA226-AT, SA226-T, SA226-T(B), SA226-TC, SA227-AC (C-26A), SA227-AT, SA227-TT, SA227-BC (C-26A), SA227-CC, and SA227-DC (C-26B) airplanes, all serial numbers; Model SA26-T airplanes, serial numbers T26-2 through T26- 99; and Model SA26-AT airplanes, serial 
2014-09-01	This AD becomes effective June 5, 2014.
2014-08-10	This AD applies to all Austro Engine GmbH model E4 engines, with a waste gate controller, part number (P/N) E4A-41-120-000, Revision 060 or lower revision; or a waste gate controller, P/N E4B-41-120- 000, Revision 010 or lower revision, installed.
2014-08-06	This AD supersedes AD 2005-22-01, Amendment 39-14345 (70 FR 61721, October 26, 2005).
2014-07-08	This AD applies to CENTRAIR Models 101, 101A, 101P, and 101AP gliders, all serial numbers, certificated in any category.
2014-08-05	This AD applies to all Rolls-Royce Deutschland Ltd & Co KG (RRD) BR700-715A1-30, BR700-715B1-30, and BR700-715C1-30 turbofan engines.
2014-07-04	This AD becomes effective May 1, 2014.
2014-07-06	This AD applies to Turbomeca S.A. Arriel 2B1 turboshaft engines that do not have modification TU157 incorporated.
2014-07-02	This AD applies to all Rolls-Royce Deutschland Ltd & Co KG (RRD) BR700-715A1-30, BR700-715B1-30, and BR700-715C1-30 turbofan engines with high-pressure (HP) compressor stages 1 to 6 rotor disc assemblies that were ever installed using nuts, part number (P/N) AS44862 or P/N AS64367.
2014-06-05	This AD applies to Rolls-Royce Deutschland Ltd & Co KG (RRD) Tay 620-15 turbofan engines with low-pressure (LP) compressor module, part number (P/N) M01100AA or P/N M01100AB, installed, and Tay 650- 15 and Tay 651-54 turbofan engines with LP compressor module, P/N M01300AA or P/N M01300AB, installed
2014-05-32	This AD applies to all Pratt & Whitney (PW) PW2037, PW2037D, PW2037M, PW2040, PW2040D, PW2043, PW2146, PW2240, PW2337, PW2643, and F117-PW-100 turbofan engines.
2014-05-10	This AD supersedes AD No. 2012-25-04, Amendment 39-17285 (78 FR 24041, April 24, 2013).
2014-06-06	This AD applies to SOCATA TBM 700 airplanes, all serial numbers, certificated in any category.
2014-05-27	(1) This AD applies to the following Rockwell Collins, Inc. Mode S transponders that are installed on but not limited to the airplanes listed in paragraphs (c)(2)(i) and (c)(2)(ii) of this AD: (i) TPR-720: CPN 622-7878-001, 622-7878-020, 622-7878-120, 622- 7878-200, 622-7878-201, 622-7878-301, 622-7
2014-05-29	This AD applies to: (1) Continental Motors, Inc. (CMI) IO-520, TSIO-520, and IO-550 series reciprocating engines with replacement Superior Air Parts, Inc. (SAP) parts manufacturer approval (PMA) investment cast cylinder assemblies, part numbers (P/Ns) SA52000-A1, SA52000-A20P, SA52000-A21P, SA52000-
2014-06-01	This AD applies to M7 Aerospace LLC Models SA226-AT, SA226-T, SA226-T(B), SA226-TC, SA227-AC (C-26A), SA227-AT, SA227-BC (C-26A), SA227-CC, SA227-DC (C-26B), SA227-TT, SA26-AT, and SA26-T airplanes, all serial numbers, certificated in any category.
2014-05-25	This AD applies to Rolls-Royce plc (RR) RB211-Trent 970-84, RB211-Trent 970B-84, RB211-Trent 972-84, RB211-Trent 972B-84, RB211- Trent 977-84, RB211-Trent 977B-84, and RB211-Trent 980-84 turbofan engines.
2014-05-07	This AD supersedes AD 2010-11-51, Amendment 39-16396 (75 FR 50874, August 18, 2010).
2014-05-15	This AD becomes effective April 15, 2014.
2014-05-08	This AD becomes effective April 15, 2014.
2014-05-11	This AD becomes effective April 15, 2014.
2014-05-06	This AD becomes effective April 14, 2014.
2014-05-04	This AD becomes effective April 14, 2014.
2014-05-01	This AD becomes effective April 14, 2014.
2014-04-13	This AD becomes effective March 25, 2014.
2014-04-11	This AD becomes effective April 9, 2014.
2014-03-15	This AD applies to 328 Support Services GmbH (Type Certificate previously held by AvCraft Aerospace GmbH; Fairchild Dornier GmbH; Dornier Luftfahrt GmbH) airplanes, certificated in any category, identified in paragraphs (c)(1) and (c)(2) of this AD. (1) Model 328-100 airplanes, serial numbers 3005 t
2014-03-15	This AD applies to 328 Support Services GmbH (Type Certificate previously held by AvCraft Aerospace GmbH; Fairchild Dornier GmbH; Dornier Luftfahrt GmbH) airplanes, certificated in any category, identified in paragraphs (c)(1) and (c)(2) of this AD. (1) Model 328-100 airplanes, serial numbers 3005 t
2014-04-12	This AD becomes effective April 7, 2014.
2014-04-14	This AD becomes effective April 7, 2014.
2014-04-04	This AD applies to Diamond Aircraft Industries GmbH Models DA 42 NG and DA 42 M NG airplanes, all serial numbers certificated in any category, except those that have incorporated Supplemental Type Certificate (STC) SA02725NY (http://rgl.faa.gov/Regulatory_and_Guidance_Library/rgstc.nsf/0/286A29A0C46
2014-03-03	This AD applies to Cessna Aircraft Company Models 310, 320, 340, 401, 402, 411, 414, and 421 airplanes identified in Cessna Aircraft Company Service Bulletin MEB97-4, dated March 24, 1997, certificated in any category.
2014-03-01	This AD becomes effective April 7, 2014.
2014-03-18	This AD applies to B-N Group Ltd. Models BN-2, BN-2A, BN-2A-2, BN-2A-3, BN-2A-  6, BN-2A-8, BN-2A-9, BN-2A-20, BN-2A-21, BN-2A-26, BN-2A-27, BN-2B- 20, BN-2B-21, BN-2B-26, BN-2B-27, BN2A MK. III, BN2A MK. III-2, and BN2A MK. III-3 airplanes, all serial numbers, certificated in any category.
2014-02-06	This AD becomes effective March 12, 2014.
2014-04-06	This AD applies to all Turbomeca S.A. Arrius 2B1, 2B1A, 2B2, and 2K1 turboshaft engines.
2014-03-02	This AD becomes effective March 26, 2014.
2014-03-10	This AD becomes effective March 26, 2014.
2014-03-11	This AD becomes effective March 26, 2014.
2014-03-16	This AD applies to Rolls-Royce Deutschland Ltd & Co. KG (RRD) Tay 620-15, 650-15, and 651-54 turbofan engines.
2014-02-09	This AD becomes effective February 24, 2014.
2014-02-08	This AD becomes effective March 7, 2014.
2014-02-03	This AD applies to the following Beechcraft Corporation airplanes in table 1 to paragraph (c) of this AD, certificated in any category:  Table 1 to Paragraph (c) of This AD--Applicability Models Serial Nos.  (1) 1900............................ UA-3. (2) 1900C........................... UB-1 through
2014-02-05	This AD becomes effective March 7, 2014.
2014-02-02	This AD becomes effective March 7, 2014.
2014-02-04	This AD becomes effective March 7, 2014.
2014-01-02	This AD becomes effective March 3, 2014.
2014-01-01	This AD applies to all Turbomeca S.A. Arrius 2F turboshaft engines.
2013-25-13	This AD becomes effective February 25, 2014.
2013-26-11	This AD becomes effective February 18, 2014.
2013-26-09	This AD applies to all Turbomeca S.A. ASTAZOU XIV B and XIV H engines.
2013-26-10	This AD applies to all Rolls-Royce plc (RR) RB211-524G2-19, RB211-524G3-19, RB211-524H-36, and RB211-524H2-19 turbofan engines with high-pressure (HP) compressor rotor stage 1 and stage 2 discs, part number LK70608, LK76030, LK86621, UL19877, UL19878, UL19879, or UL24023, installed.
2013-26-13	This AD becomes effective February 10, 2014.
2013-26-06	This AD applies to the following Rolls-Royce Corporation (RRC) AE 3007A, A1, A1/1, A1/2, A1/3, A1P, A1E, and A3 turbofan engines: (1) With an installed high-pressure turbine (HPT) stage 2 wheel, part number (P/N) 23084520, or (2) With an installed HPT stage 2 wheel, P/N 23069438, 23069592, 23074462,
2013-26-01	This AD applies to CFM International S.A. CFM56-3 series and CFM56-7B series turbofan engines equipped with the following accessory gearbox (AGB) part numbers (P/Ns): (1) For CFM56-3 engines: 335-300-103-0, 335-300-105-0, 335-300- 106-0, 335-300-107-0, 335-300-108-0, 335-300-109-0, or 335-300-110- 0
2013-21-06	This AD becomes effective January 31, 2014.
2013-25-10	This AD becomes effective January 31, 2014.
2013-24-05	This AD applies to Turbomeca S.A. Arriel 1A1, 1A2, 1B, 1C, 1C1, 1C2, 1D, 1D1, 1E2, 1K1, 1S, and 1S1 turboshaft engines equipped with free turbine (FT) module (M04) identified by the part and serial numbers listed in Figure 2 of Turbomeca S.A. Alert Mandatory Service Bulletin (MSB) No. A292 72 0838, 
2013-25-09	This AD becomes effective January 28, 2014.
2013-24-19	This AD becomes effective January 24, 2014.
2013-24-17	This AD applies to General Electric Company (GE) GE90-110B1 and GE90-115B turbofan engines with high pressure compressor (HPC) rotor stage 2-5 spools, part numbers (P/Ns) 351-103-106-0, 351-103-107-0, 351-103-141-0, 351-103-142-0, 351-103-144-0, 351-103-145-0, 351-103- 148-0, 351-103-149-0, and 351-
2013-23-18	This AD applies to General Electric Company (GE) GE90-110B1 and -115B turbofan engines with variable bypass valve (VBV) actuator fuel supply tube, part number (P/N) 2165M22P01, installed.
2013-23-14	This AD applies to certain serial number General Electric Company (GE) model GEnx-2B67 and GEnx-2B67B turbofan engines. The affected engine serial numbers are: 959-102 through 959-104; 959- 107; 959-110 through 959-111; 959-113 through 959-118; 959-121; 959- 124 through 959-133; 959-159 through 959-
2013-23-17	This AD applies to Rolls-Royce plc (RR) RB211-535E4-37, -535E4- B-37, -535E4-C-37, RB211 Trent 768-60, 772-60, and 772B-60 turbofan engines with turbine disc part numbers (P/Ns) and serial numbers (S/ Ns) listed in Table 1 to paragraph (c) of this AD.  Table 1 to Paragraph (c)--New Reduced Cyclic Li
2013-23-12	This AD applies to all Rolls-Royce plc (RR) RB211 Trent 553-61, 553A2-61, 556-61, 556A2-61, 556B-61, 556B2-61, 560-61, and 560A2-61 turbofan engines.
2013-24-06	This AD applies to all Thielert Aircraft Engines GmbH TAE 125-01 reciprocating engines.
2013-23-11	This AD becomes effective December 30, 2013.
2013-23-10	This AD supersedes AD 2010-21-01, Amendment 39-16461 (75 FR 63050, October 14, 2010).
2013-23-01	This AD applies to all Rolls-Royce Deutschland Ltd & Co KG (RRD) model Tay 620-15, 650-15, and 651-54 turbofan engines.
2013-23-09	This AD becomes effective December 27, 2013.
2013-23-07	This AD supersedes AD 90-26-12, Docket No. 90-ASW-27, Amendment 39-6841 (55 FR 51406, December 14, 1990).
2013-22-22	This AD applies to all Turbomeca S.A. Arriel 2D turboshaft engines.
2013-22-23	This AD applies to the following AERMACCHI S.p.A. airplanes that are certificated in any category: (1) Models F.260, F.260B, F.260C, F.260D, F.260E, and F.260F airplanes, all serial numbers, that are equipped with either a Lycoming O-540, IO-540, or AEIO-540 wide cylinder flange engine (identified b
2013-22-21	This AD is effective December 13, 2013.
2013-20-17	This AD becomes effective December 13, 2013.
2013-22-20	This AD applies to Embraer S.A. Models EMB-505 airplanes, all serial numbers, that are: (1) Equipped with a part number (P/N) DAP00097-01 or P/N DAP00097-02 brake assembly; and (2) certificated in any category.
2013-22-16	This AD becomes effective December 13, 2013.
2013-22-15	This AD becomes effective December 13, 2013.
2013-22-12	This AD applies to DG Flugzeugbau GmbH DG-800A, DG-800B, and DG- 500MB gliders, all serial numbers, certificated in any category.
2013-20-13	This AD becomes effective December 10, 2013.
2013-22-17	This AD becomes effective December 9, 2013.
2013-20-16	This AD becomes effective December 5, 2013.
2013-21-05	This AD becomes effective December 5, 2013.
2013-22-01	This AD becomes effective December 5, 2013.
2013-20-15	This AD supersedes AD 97-19-10, Amendment 39-10130 (62 FR 47933, September 12, 1997).
2013-19-24	This AD supersedes AD No. 2003-08-51, Amendment 39-13215 (68 FR 39449, July 2, 2003; correction 68 FR 47447, August 11, 2003).
2013-20-01	This AD becomes effective December 5, 2013.
2013-20-03	This AD becomes effective December 5, 2013.
2013-20-02	This AD becomes effective December 5, 2013.
2013-20-05	This AD becomes effective December 5, 2013.
2013-21-02	This AD applies to certain Lycoming Engines TIO-540-AK1A, and Continental Motors, Inc. (CMI) LTSIO-360-RB, TSIO-360-MB, TSIO-360- SB, and TSIO-360-RB reciprocating engines with a Hartzell Engine Technologies (HET) turbocharger installed that has a model number, part number, and serial number identif
2013-20-18	This AD supersedes AD 2009-05-09, Amendment 39-15833 (74 FR 11001, March 16, 2009).
2013-20-51	This AD is effective October 25, 2013 to all persons except those persons to whom it was made immediately effective by Emergency AD 2013-20-51, issued on October 3, 2013, which contained the requirements of this amendment.
2013-21-01	This AD becomes effective October 25, 2013.
2013-19-17	This AD applies to all Rolls-Royce plc (RR) RB211-535E4-B-37 series turbofan engines.
2013-19-18	This AD applies to all Rolls-Royce plc (RR) RB211-535E4-37, RB211-535E4-B-37, RB211-535E4-C-37, and RB211-535E4-B-75 turbofan engines.
2013-19-16	This AD becomes effective November 6, 2013.
2013-19-07	This AD becomes effective November 6, 2013.
2013-19-19	This AD becomes effective October 16, 2013.
2013-15-01	This AD becomes effective October 16, 2013.
2013-19-05	This AD becomes effective November 5, 2013.
2013-19-06	This AD becomes effective November 5, 2013.
2013-19-11	This AD applies to Diamond Aircraft Industries GmbH Models DA 42, DA 42 NG, and DA 42 M-NG airplanes, all serial numbers, certificated in any category.
2013-16-21	This AD supersedes AD 2002-25-51, Docket No. 2002-SW-55-AD, Amendment 39-13060 (68 FR 9504, February 28, 2003).
2013-19-12	This AD applies to the following GA 8 Airvan (Pty) Ltd model and serial number airplane presented in paragraphs (c)(1) and (c)(2) that are certificated in any category: (1) Models GA8 airplanes, serial numbers GA8-02-012, GA8-TC 320- 02-16, GA8-TC 320-03-25, and GA8-TC 320-09-120. (2) Models GA8 and
2013-19-01	This AD becomes effective October 25, 2013.
2013-16-03	This AD becomes effective October 22, 2013.
2013-17-07	This AD applies to General Electric Company (GE): (1) GE90-76B, -85B, -90B, and -94B turbofan engines with stage 1 high-pressure turbine (HPT) stator shrouds, part number (P/N) 1847M52P14, installed. (2) GE90-110B1 and -115B turbofan engines with stage 1 HPT stator shrouds, P/N 1847M52P16, installed
2013-18-07	This AD supersedes AD 76-12-07, Amendment 39-2640 (41 FR 23939, June 14, 1976) as revised by Amendment 39-3569 (44 FR 55555, September 27, 1979).
2013-18-05	This AD becomes effective October 18, 2013.
2013-18-01	This AD becomes effective October 18, 2013.
2013-18-06	This AD becomes effective October 17, 2013.
2013-18-03	This AD becomes effective October 11, 2013.
2013-17-04	This AD applies to all serial numbers of the airplanes listed in table 1 of paragraph (c) of this AD, that are: (1) equipped with a Rotax Aircraft Engines 912 A series engine with a part number (P/N) 623682 cylinder head assembly (2/3) installed; and (2) certificated in any category.  Table 1 of Par
2013-17-01	This AD becomes effective October 9, 2013.
2013-16-14	This AD becomes effective October 9, 2013.
2013-16-23	This AD applies to: (1) All Rolls-Royce plc (RR) RB211-524G2-19; -524G3-19; -524H2- 19; and -524H-36 turbofan engines; (2) RR RB211-524B-02; -524B2-19; -524B3-02; -524B4-02; -524C2- 19; -524D4-19; -524D4-B-19; and -524D4-39 turbofan engines that have incorporated RR Service Bulletin (SB) No. RB.211-
2013-15-10	This AD applies to Rolls-Royce plc (RR) RB211-Trent 553-61, 553A2-61, 556-61, 556A2-61, 556B-61, 556B2-61, 560-61, 560A2-61, 768-60, 772-60, 772B-60, 875-17, 877-17, 884-17, 884B-17, 892-17, 892B-17, 895-17, 970-84, 970B-84, 972-84, 972B-84, 977-84, 977B-84, and 980-84 turbofan engines.
2013-16-05	This AD applies to Alexander Schleicher GmbH & Co. Segelflugzeugbau Models AS -K13, Ka2B, Ka 6, Ka 6 B, Ka 6 BR, Ka 6 C, Ka 6 CR, K7, K8, and K 8 B sailplanes, all serial numbers, certificated in any category.
2013-16-20	This AD becomes effective September 27, 2013.
2013-16-13	This AD becomes effective September 27, 2013.
2013-16-19	This AD becomes effective September 27, 2013.
2013-16-01	This AD applies to Beechcraft Corporation (type certificate previously held by Hawker Beechcraft Corporation) Models 58, 95-C55, E55, and 56TC airplanes; and Hawker Beechcraft Corporation Models 58P and 58TC airplanes, all serial numbers, certificated in any category. Both type certificates previous
2013-16-07	This AD becomes effective September 24, 2013.
2013-16-15	This AD applies to all General Electric Company (GE) model GEnx- 2B67B turbofan engines with booster anti-ice (BAI) air duct, part number (P/N) 2469M32G01, and support bracket, P/N 2469M46G01, installed.
2013-16-10	This AD applies to Hamilton Standard Division 6/5500/F and 24PF and Hamilton Sundstrand Corporation 14RF, 14SF, 247F, and 568F series propellers.
2013-16-16	This AD becomes effective September 17, 2013.
2013-15-09	This AD applies to all Pratt & Whitney Division (PW) turbofan engine models PW4074, PW4074D, PW4077, PW4077D, PW4084D, PW4090, and PW4090-3 with second-stage high-pressure turbine (HPT) air seal, part number 54L041, installed.
2013-15-08	This AD applies to Pratt & Whitney Canada Corp. (P&WC) PW118A, PW118B, PW119B, PW119C, PW123, PW123B, PW123C, PW123D, PW123E, PW123AF, PW124B, PW125B, PW126A, PW127, PW127E, PW127F, PW127G, and PW127M turboprop engines with a first-stage power turbine (PT) blade, part number (P/N) 3120973-01, P/N 31
2013-15-19	This AD applies to the following BRP Powertrain GmbH & Co KG Rotax reciprocating engines: (1) Rotax 912F from serial number (S/N) 4,413.013 to S/N 4,413.019, inclusive. (2) Rotax 912S, from S/N 4,924.468 to S/N 4,924.543, inclusive. (3) Rotax 914F, from S/N 4,421.156 to S/N 4,421.177, inclusive. (4)
2013-16-06	This AD becomes effective September 13, 2013.
2013-15-20	General Electric Company (GE) GE90-76B, GE90-77B, GE90-85B, GE90- 90B, GE90-94B, GE90-110B1, GE90-113B and GE90-115B turbofan engines with a transfer gearbox assembly (TGB) radial gearshaft, part number (P/N) 1995M24P02, serial number (S/N) listed in Figure 1 to paragraph (c) of this AD, installed. 
2013-13-06	This AD becomes effective September 10, 2013.
2013-15-02	This AD supersedes AD No. 2008-10-03, Amendment 39-15509 (73 FR 24858, May 6, 2008).
2013-14-06	This AD applies to CFM International S.A. (CFM) model CFM56-5 and CFM56-5B series turbofan engines with any of the hydro- mechanical unit (HMU) fuel control part numbers (P/Ns) in paragraphs (c)(1) and (c)(2) of this AD, installed: (1) CFM56-5: CFM P/Ns 1348M79P02; 1348M79P03; 1348M79P04; 1348M79P06
2013-15-04	This AD applies to Hartzell Propeller, Inc. propeller models HC- (1,D)2(X,V,MV)20-7, HC-(1,D)2(X,V,MV)20-8, and HC-(1,D)3(X,V,MV)20-8 with a propeller hydraulic bladder diaphragm, part number (P/N) B- 119-2, without tab, installed.
2013-15-03	We must receive comments on this AD by September 23, 2013.
2013-14-08	This AD applies to all Austro Engine GmbH model E4 engines, with a waste gate controller, part number (P/N) E4A-41-120-000 Rev. 050, or lower revision, or a waste gate controller, P/N E4B-41-120-000 Rev. 000, installed.
2013-10-51	This AD becomes effective July 31, 2013 to all persons except those persons to whom it was made immediately effective by Emergency AD No. 2013-10-51, issued on May 9, 2013, which contains the requirements of this AD.
2013-12-05	This AD becomes effective August 20, 2013.
2010-17-11R1	This AD applies to Dowty Propellers R408/6-123-F/17 model propellers.
2013-12-06	This AD becomes effective July 24, 2013.
2013-13-14	This AD becomes effective July 24, 2013.
2013-06-51	This AD publishes EAD No. 2013-06-51, issued March 25, 2013.
2013-12-04	This AD becomes effective August 2, 2013.
2013-11-11	This AD applies to Cessna Aircraft Company Models 172R, serial numbers (S/N) 17280001 through 17281618; 172S, S/N 172S8001 through 172S11256; 182S, S/N 18280001 through 18280944; 182T, S/N 18280945 through 18282357; T182T, S/N T18208001 through T18209089; 206H, S/N 20608001 through 20608349; and T20
2013-13-02	This AD applies to B-N Group Ltd. Models BN-2, BN-2A, BN2A MK. III, BN2A MK. III-2, BN2A MK. III-3, BN-2A-2, BN-2A-20, BN-2A-21, BN-2A-26, BN-2A-27, BN-2A-3, BN-2A-6, BN-2A-8, BN-2A-9, BN-2B-20, BN-2B-21, BN-2B-26, BN-2B-27, BN-2T, and BN-2T-4R airplanes, all serial numbers, certificated in any cate
2013-12-07	This AD becomes effective August 1, 2013.
2013-10-52	General Electric Company (GE) GE90-110B1 and GE90-115B turbofan engines with a transfer gearbox assembly (TGB), part number 2115M33G07 or 2115M33G08, serial number (S/N) listed in Figure 1 to paragraph (c) of this AD, installed.  Figure 1 to Paragraph (c)--Transfer Gearbox Assembly S/Ns  FIA0HYRT FI
2013-11-08	This AD applies to Pilatus Aircraft Ltd. Models PC-6, PC-6-H1, PC-6-H2, PC-6/350, PC-6/350-H1, PC-6/350-H2, PC-6/A, PC-6/A-H1, PC- 6/A-H2, PC-6/B-H2, PC-6/B1-H2, PC-6/B2-H2, PC-6/B2-H4, PC-6/C-H2, and PC-6/C1-H2 airplanes, all manufacturer serial numbers (MSN), and MSN 2001 through 2092, that are ce
2013-12-01	This AD applies to all Rolls-Royce plc (RR) model RB211 Trent 768-60, 772-60, and 772B-60 turbofan engines.
2013-11-15	This AD becomes effective July 26, 2013.
2013-12-02	This AD applies to Engine Alliance GP7270 and GP7277 turbofan engines with a high-pressure compressor (HPC) stage 6 disk, part number (P/N) 382-100-505-0, installed.
2013-12-03	This AD applies to all Rolls-Royce Deutschland Ltd & Co KG (RRD) BR700-725A1-12 turbofan engines with fuel pump tube part number (P/ N) FW64852 installed.
2013-10-04	This AD applies to turbocharged Piper Aircraft, Inc. Models PA- 31, PA-31-325, and PA-31-350 airplanes, all serial numbers, certificated in any category.
2013-11-13	This AD applies to all Rolls-Royce plc (RR) Viper Mk. 601-22 turbojet engines.
2013-11-05	This AD becomes effective June 19, 2013.
2013-11-01	This AD applies to Iniziative Industriali Italiane S.p.A. Models Sky Arrow 650 TC, Sky Arrow 650 TCN, Sky Arrow 650TCS, and Sky Arrow 650TCNS airplanes, all serial numbers, certificated in any category.
2013-11-09	This AD applies to all Turbomeca S.A. Arrius 2B1 and 2F turboshaft engines.
2013-10-05	This AD becomes effective June 10, 2013.
2013-10-01	This AD becomes effective June 20, 2013.
2013-09-06	This AD supersedes AD 2010-15-51, Amendment 39-16397 (75 FR 50863, August 18, 2010).
2013-09-09	This AD applies to Slingsby Sailplanes Ltd. Models Dart T.51, Dart T.51/17, and Dart T.51/17R sailplanes, all serial numbers, that are: (1) Equipped with aluminum alloy spar booms; and (2) certificated in any category.
2013-08-14	This AD applies to the following Revo, Incorporated Models COLONIAL C-1, COLONIAL C-2, LAKE LA-4, LAKE LA-4A, LAKE LA-4P, and LAKE LA-4-200 airplanes, all serial numbers, that are certificated in any category, and have horizontal stabilizer attachment fittings part number (P/N) 1-2200-14, 2200-14, o
2012-25-01	This AD becomes effective June 5, 2013.
2013-08-19	This AD becomes effective June 5, 2013.
2013-03-18	This AD becomes effective June 5, 2013.
2013-08-17	This AD becomes effective June 5, 2013.
2013-08-20	This AD applies to all General Electric Company (GE) CF6-80C2 A1/A2/A3/A5/A8/A5F/B1/B2/B4/B5F/B6/B1F/B2F/B4F/B6F/B7F/D1F turbofan engines with any of the following installed: (1) Fuel tube, part number (P/N) 1321M42G01, 1334M88G01, 1374M30G01, or 1383M12G01. (2) Spray shield, P/N 1606M57G01, 1606M57
2012-25-04	This AD supersedes Emergency AD No. 2012-21-51, Directorate Identifier 2012-SW-095-AD, dated October 17, 2012.
2013-07-06	This AD supersedes AD 2012-01-03, Amendment No. 39-16914 (77 FR 5991, February 7, 2012).
2013-08-04	This AD applies to GROB-WERKE G115EG airplanes, all serial numbers, certificated in any category.
2013-08-07	This AD becomes effective May 23, 2013.
2013-08-06	This AD becomes effective May 23, 2013.
2013-07-12	This AD applies to the following BRP Powertrain GmbH & Co KG Rotax reciprocating engines: (1) Rotax 912 F2; 912 F3; and 912 F4, from serial number (S/N) 4,413,013 up to S/N 4,413,017 inclusive. (2) Rotax 912 S2; 912 S3; and 912 S4, from S/N 4,924,468 up to S/N 4,924,491 inclusive. (3) Rotax 914 F2; 
2013-07-10	This AD applies to International Aero Engines AG (IAE), V2525-D5 and V2528-D5 turbofan engines, serial numbers V20001 through V20285, with No. 4 bearing internal scavenge tube, part number (P/N) 2A2074- 01, and No. 4 bearing external scavenge tube, P/N 6A5254, installed.
2013-05-04	This AD applies to Rolls-Royce plc (RR) RB211-Trent 970-84, RB211-Trent 970B-84, RB211-Trent 972-84, RB211-Trent 972B-84, RB211- Trent 977-84, RB211-Trent 977B-84, and RB211-Trent 980-84 turbofan engines that incorporate RR production Modification 72-G585 or modified in-service through RR Service Bu
2013-07-01	This AD applies to Diamond Aircraft Industries GmbH Models DA 42, DA 42 M-NG, and DA 42 NG airplanes, all serial numbers, certificated in any category.
2013-07-05	This AD becomes effective May 15, 2013.
2013-06-07	This AD becomes effective May 9, 2013.
2013-06-06	This AD applies to General Electric Company (GE) CF34-8C1, CF34- 8C5, CF34-8C5A1, CF34-8C5A2, CF34-8C5A3, CF34-8C5B1, CF34-8E2, CF34- 8E2A1, CF34-8E5, CF34-8E5A1, CF34-8E5A2, CF34-8E6, and CF34-8E6A1 turbofan engines, with an operability bleed valve (OBV) part number (P/N) 4121T67P02, P/N 4121T67P03
2013-05-16	This AD becomes effective April 30, 2013.
2013-05-15	This AD becomes effective April 30, 2013.
2013-05-21	This AD becomes effective April 30, 2013.
2013-05-22	This AD becomes effective April 30, 2013.
2013-05-14	This AD becomes effective April 26, 2013.
2013-05-17	This AD becomes effective April 26, 2013.
2013-05-18	This AD applies to Rolls-Royce plc (RR) RB211 Trent 553-61, RB211 Trent 553A2-61, RB211 Trent 556-61, RB211 Trent 556A2-61, RB211 Trent 556B-61, RB211 Trent 556B2-61, RB211 Trent 560-61, and RB211 Trent 560A2-61 turbofan engines that have any of the following fuel tube part numbers installed: FW5760
2013-05-20	This AD applies to Rolls-Royce Deutschland Ltd & Co KG (RRD) Spey 511-8 turbojet engines, serial numbers 8847, 8853, 8879, 8989, 8994, and 9817, with a date of the last shop visit before November 15, 2007.
2013-05-19	This AD applies to Rolls-Royce Deutschland Ltd & Co KG (RRD) Tay 611-8 turbofan engines, serial numbers 16245, 16256, 16417, 16418, 16584, 16585, 16639, 16640, 16701, 16702, 16813, 16814, 16853, 16854, 16879, 16880, 16898, 16905, 16906, 16911, 16923, 16935, and 16936, with a date of the last shop vi
2013-05-23	This AD becomes effective April 24, 2013.
2013-06-01	This AD applies to RRD models Tay 620-15 and Tay 650-15 turbofan engines with a low-pressure compressor (LPC) rotor disc assembly, part number (P/N) JR31198A or P/N JR34563A, installed.
2013-05-13	This AD applies to Rolls-Royce Deutschland Ltd & Co KG (RRD) BR700-710A1-10 and BR700-710A2-20 turbofan engines, all serial numbers, and BR700-710C4-11 turbofan engines that have either of the following hardware configuration standards engraved on the engine data plate: (1) Standard ``710C4-11''--RR
2013-06-02	This AD applies to Diamond Aircraft Industries GmbH Models DA 42 M-NG and DA 42 NG airplanes, all serial numbers, certificated in any category.
2012-26-06	This AD supersedes AD 97-10-15, Amendment 39-10028 (62 FR 28321, May 23, 1997).
2013-04-06	This AD becomes effective April 15, 2013.
2013-05-01	This AD applies to all Turbomeca S.A. Makila 1A2 turboshaft engines with an N2 sensor harness, part number (P/N) 0 301 52 001 0, installed, with: (1) A serial number (S/N) 242 through 339, inclusive, or (2) A S/N 691 through 705, inclusive, 707 through 728, inclusive, or 813 through 844, inclusive.
2013-04-09	This AD applies to Costruzioni Aeronautiche Tecnam srl P2006T airplanes, serial numbers 001/US through 9999/US, certificated in any category.
2013-04-08	This AD applies to the following Diamond Aircraft Industries GmbH models and serial number (S/N) airplanes, certificated in any category: H-36 and HK 36 R airplanes, S/Ns 36.300 through 36.414; HK 36 TS airplanes, S/Ns 36.415 and 36.416; and HK 36 TTS airplane, S/N 36.393.
2013-04-01	This AD applies to Rolls-Royce plc (RR) RB211-524D4-19, -524D4- B-19, -524D4-39, -524D4-B-39, -524D4X-19, -524D4X-B-19, -524H-36, - 524H2-19, -524H-T-36, -524H2-T-19, -524G2-19, -524G3-19, -524G2-T- 19, and -524G3-T-19 turbofan engines with thrust reverser units (TRUs) that have a part number (P/N) 
2013-04-02	This AD applies to Reims Aviation S.A. F406 airplanes, all serial numbers, certificated in any category.
2013-03-21	This AD applies to Pratt & Whitney Canada Corp. (P&WC) model PW206B, PW206B2, PW206C, PW207C, PW207D, PW207D1, PW207D2, and PW207E turboshaft engines.
2012-26-16	This AD applies to Pilatus Aircraft Ltd. Models PC-12, PC-12/45, PC-12/47, and PC-12/47E airplanes, all manufacturer serial numbers (MSNs), certificated in any category.
2013-03-14	This AD applies to Pratt & Whitney Canada Corp. (P&WC) PT6C-67C turboshaft engines that have not had P&WC Service Bulletin (SB) No. PT6C-72-41056 incorporated.
2013-03-17	This AD applies to the following Rolls-Royce Deutschland Ltd & Co KG (RRD) turbofan engines that have any of the high-pressure turbine (HPT) stage 1 or stage 2 discs with a serial number (S/N) listed in Table 1 to paragraph (c) of this AD, installed: (1) RRD BR700-710A1-10 and BR700-710A2-20 turbofa
2013-03-16	This AD supersedes AD 2011-08-01, Docket No. FAA-2011-0323, Amendment 39-16651 (76 FR 18865, April 6, 2011), Directorate Identifier 2011-SW-005-AD.
2013-03-10	This AD applies to all hot air balloons, certificated in any category, equipped with Lindstrand Hot Air Balloons Ltd female ACME threaded hose connectors, part numbers (P/Ns) HS6139 and HS6144, all serial numbers.
2013-03-04	This AD becomes effective March 19, 2013.
2013-03-02	This AD supersedes AD 2012-19-09, Amendment 39-17204, Docket No. FAA-2012-1018, Directorate Identifier 2011-SW-052-AD (77 FR 58925, September 25, 2012).
2013-03-01	This AD applies to Pacific Aerospace Limited Models FU24-954 and FU24A-954 airplanes, all serial numbers, that are: (1) certificated in any category; and (2) modified to conduct parachute operations.
2013-03-03	This AD becomes effective March 15, 2013.
2013-01-04	This AD becomes effective March 11, 2013.
2013-01-05	This AD becomes effective March 11, 2013.
2013-02-13	This AD applies to Models PA-28-236, PA-28-140, PA-28-150, PA- 28-151, PA-28-160, PA-28-161, PA-28-180, PA-28-181, PA-28-201T, PA- 28R-201, PA-28-235, PA-28R-201T, PA-28S-160, PA-28S-180, PA-28R-180, PA-28R-200, PA-28RT-201, PA-28RT-201T, PA-32-260, PA-32-301, PA-32- 301T, PA-32-300, PA-32R-300, PA-
2013-01-07	This AD applies to all Turbomeca S.A. Arriel 2D turboshaft engines.
2013-02-04	This AD applies to Rolls-Royce plc (RR) RB211-Trent 970-84, RB211-Trent 970B-84,  RB211-Trent 972-84, RB211-Trent 972B-84, RB211-Trent 977-84, RB211- Trent 977B-84, and RB211-Trent 980-84 engines, all serial numbers.
2013-02-06	This AD applies to all Engine Alliance GP7270 and GP7277 turbofan engines with a high-pressure turbine (HPT) stage 2 nozzle, part number (P/N) 2101M24G01, 2101M24G02, or 2101M24G03, installed.
2013-02-02	This AD applies to CFM International, S.A. CFM56-3, CFM56-3B, and CFM56-3C turbofan engines, modified by Supplemental Type Certificate SE00034EN, with a high-pressure turbine (HPT) disk, part number (P/N) 880026, serial number (S/N) GLKBAA9307, GLKBAA9335, GLKBAA9404, GLKBAA9407, or GLKBAA9409, inst
2013-02-03	This AD applies to Rolls-Royce plc RB211-Trent 970-84, 970B-84, 972-84, 972B-84, 977-84, 977B-84, and 980-84 turbofan engines with a fuel oil heat exchanger (FOHE), part number 47111-1241, installed.
2013-02-01	This AD becomes effective February 7, 2013.
2012-17-08	This AD supersedes AD 93-05-01, Amendment 39-8507 (58 FR 13700, March 15, 1993); AD 81-19-02, Amendment 39-4208 (46 FR 45595, September 14, 1981; AD 81-19-01, Amendment 39-4207 (46 FR 45595, September 14, 1981); and AD 79-20-05, Amendments 39-3662 (45 FR 6922, January 31, 1980), 39-3626 (44 FR 70123
2013-01-06	This AD applies to PILATUS Aircraft Ltd. Models PC-7 airplanes, serial numbers 101 through 618, certificated in any category.
2012-26-08	This AD applies to all Pratt & Whitney Canada Corp. (P&WC) PW118, PW118A, PW118B, PW119B, PW119C, PW120, PW120A, PW121, PW121A, PW123, PW123B, PW123C, PW123D, PW123E, PW123AF, PW124B, PW125B, PW126A, PW127, PW127E, PW127F, PW127G, and PW127M turboprop engines, with the serial number (S/N) propeller 
2012-27-02	This AD applies to all Turbomeca S.A. ARRIEL 1A1, 1A2, 1B, 1C, 1C1, 1C2, 1D, 1D1, 1E2, 1K1, 1S, and 1S1 turboshaft engines.
2012-27-01	This AD applies to Rolls-Royce Deutschland Ltd & Co KG (RRD) Tay 620-15 turbofan engines, serial numbers 17085, 17088, 17166, 17072, 17073, 17078, and 17079.
2012-26-14	This AD applies to all Rolls-Royce Deutschland Ltd & Co KG BR700-715A1-30, BR700-715B1-30, and BR700-715C1-30 turbofan engines.
2012-26-10	This AD becomes effective February 13, 2013.
2012-26-13	This AD applies to Thielert Aircraft Engines GmbH models TAE 125-01, TAE 125-02-99, and TAE 125-02-114 reciprocating engines installed in, but not limited to, Cessna 172 and (Reims-built) F172 series (European Aviation Safety Agency (EASA) Supplemental Type Certificate (STC) No. EASA.A.S.01527); Pip
2012-26-12	This AD applies to all Thielert Aircraft Engines (TAE) TAE 125- 02-99 and TAE 125-02-114 reciprocating engines.
2012-26-11	This AD becomes effective February 13, 2013.
2012-26-09	This AD applies to Burkhart GROB Luft-und Raumfahrt GmbH Models GROB G 109 and GROB G 109B sailplanes, all serial numbers, certificated in any category.
2012-26-07	This AD becomes effective February 11, 2013.
2012-25-09	This AD applies to all Rolls-Royce plc (RR) RB211-524G2-19; RB211- 524G2-T-19; RB211-524G3-19; RB211-524G3-T-19; RB211-524H2-19; RB211- 524H2-T-19; RB211-524H-36; RB211-524H-T-36; RB211-535E4-37; RB211- 535E4-B-37; RB211-535E4-B-75; and RB211-535E4-C-37 turbofan engines with intermediate-pressure (I
2012-25-08	This AD applies to Rolls-Royce plc (RR) RB211 Trent 768-60, 772- 60, and 772B-60 turbofan engines with serial numbers (S/Ns) listed in Table 1 to paragraph (c) of this AD.  Table 1 to Paragraph (c)--Affected Engine S/Ns  41221 41435 41446 41459 41465 41425 41437 41451 41460 41466 41428 41438 41452 4
2012-23-02	This AD becomes effective January 16, 2013.
2012-21-52	This AD becomes effective December 26, 2012 to all persons except those persons to whom it was made immediately effective by Emergency AD 2012-21-52, issued on October 23, 2012, which contained the requirements of this AD.
2012-24-05	This AD applies to Rolls-Royce plc (RR) RB211-Trent 970-84 and 972-84 series turbofan engines, all serial numbers.
2012-23-11	This AD becomes effective January 14, 2013.
2012-23-07	This AD becomes effective January 11, 2013.
2012-24-09	This AD applies to Lycoming Engines TSIO-540-AK1A, and Continental Motors, Inc. TSIO-360-MB, TSIO-360-SB, and TSIO-360-RB reciprocating engines with any of the following turbochargers installed: (1) Hartzell Engine Technologies (HET) model TA0411 turbochargers, part numbers (P/Ns) 466642-0001; 46664
2012-24-03	This AD applies to all Turbomeca S.A. Arriel 1A, 1A1, 1A2, 1B, 1C, 1C1, 1C2, 1D, 1D1, 1E2, 1K1, 1S, and 1S1 turboshaft engines that have not incorporated Turbomeca S.A. Modification TU360.
2012-24-04	This AD applies to GA 8 Airvan (Pty) Ltd Models GA8 and GA8- TC320 airplanes, all serial numbers, certificated in any category.
2012-24-02	This AD applies to Stemme GmbH & Co. KG Models S10, S10-V, and S10-VT powered sailplanes, all serial numbers, certificated in any category.
2012-23-12	This AD applies to Turbomeca S.A. models Arriel 1E2, 1S, and 1S1 turboshaft engines with FCUs manufactured, repaired, or overhauled on or before March 31, 2008.
2012-24-01	This AD applies to Rolls-Royce Deutschland Ltd & Co KG (RRD) TAY 620-15 engines, serial numbers 17054, 17085, 17088, 17107, and 17166.
2012-23-13	This AD becomes effective December 14, 2012.
2012-23-03	This AD becomes effective December 31, 2012.
2012-10-53	This AD becomes effective December 5, 2012 to all persons except those persons to whom it was made immediately effective by Emergency AD No. 2012-10-53, issued on May 18, 2012, which contained the requirements of this AD.
2012-23-05	This AD becomes effective December 26, 2012.
2012-22-11	This AD becomes effective December 20, 2012.
2012-22-14	This AD supersedes Emergency AD No. 2011-22-51, Directorate ID 2011-SW-056-AD, dated October 13, 2011.
2012-22-13	This AD becomes effective December 20, 2012.
2012-22-09	This AD becomes effective December 20, 2012.
2012-22-16	This AD applies to all Pratt & Whitney Division PW4050, PW4052, PW4056, PW4060, PW4060A, PW4060C, PW4062, PW4062A, PW4152, PW4156, PW4156A, PW4158, PW4160, PW4460, PW4462, and PW4650 turbofan engines, including models with any dash number suffix, with 3rd stage low-pressure turbine (LPT) duct segmen
2012-22-06	This AD becomes effective December 14, 2012.
2012-21-07	This AD becomes effective November 27, 2012.
2012-21-09	This AD becomes effective November 7, 2012.
2012-21-01	This AD supersedes AD 2011-14-05, amendment 39-16740 (76 FR 41662, July 15, 2011).
2012-14-09	This AD applies to the following Pratt & Whitney Division turbofan engines: (1) PW4000-94'' engine models PW4050, PW4052, PW4056, PW4152, PW4156, PW4650, PW4060, PW4060A, PW4060C, PW4062, PW4062A, PW4156A, PW4158, PW4160, PW4460, and PW4462 including models with any dash number suffix. (2) PW4000-10
2012-19-09	This AD becomes effective October 10, 2012.
2012-18-07	This AD applies to Rolls-Royce plc (RR) RB211-Trent 875-17, RB211-Trent 877-17, RB211-Trent 884-17, RB211-Trent 884B-17, RB211- Trent 892-17, RB211-Trent 892B-17, and RB211-Trent 895-17 turbofan engines.
2012-19-08	This AD applies to: (1) General Electric Company (GE) GEnx-1B54, GEnx-1B58, GEnx- 1B64, GEnx-1B67, GEnx-1B70, GEnx-1B54/P1, GEnx-1B58/P1, GEnx-1B64/ P1, GEnx-1B67/P1, GEnx-1B70/P1, GEnx-1B70/72/P1, GEnx-1B70/75/P1, GEnx-1B74/75/P1, and GEnx-1B75/P1 turbofan engines with fan mid shaft (FMS) part numb
2012-19-01	This AD applies to Lycoming Engines (L)O-360, (L)IO-360, AEIO- 360, IO-390, AEIO-390, O-540, IO-540, AEIO-540, (L)TIO-540, IO-580, AEIO-580, and IO-720 series reciprocating engines listed by engine model number and serial number in Table 1, Table 2, Table 3, or Table 4 of Lycoming Mandatory Service 
2012-18-18	This AD applies to Turbomeca S.A. Arriel 2B, 2B1, 2S2, and 2C2 turboshaft engines not modified by TU166 modification.
2012-18-08	This AD becomes effective October 24, 2012.
2012-18-17	This AD applies to the following Pratt & Whitney Division (Pratt & Whitney) turbofan engines: (1) PW4000-94'' engine models PW4052, PW4056, PW4060, PW4062, PW4062A, PW4152, PW4156A, PW4158, PW4460, and PW4462, including those models with any dash number suffix, with a high-pressure compressor (HPC) 
2012-18-14	This AD applies to Pratt & Whitney Canada (P&WC) PW901A auxiliary power units (APUs) approved under Technical Standard Order TSO-C77A and installed on, but not limited to, Boeing 747-400 series airplanes. The affected APU serial numbers are PCE 900001 through PCE 900776 inclusive.
2012-18-09	This AD becomes effective October 22, 2012.
2012-14-01	This AD applies to Rolls-Royce Deutschland Ltd & Co KG (RRD) BR700-  715A1-30, BR700-715B1-30, and BR700-715C1-30 turbofan engines, with a low-pressure (LP) compressor booster rotor, part number (P/N) BRH19215, or P/N BRH19871, with serial numbers (S/N) 118 to 255 inclusive, installed.
2012-17-09	This AD becomes effective October 19, 2012.
2012-17-04	This AD applies to Rolls-Royce plc (RR) RB211-Trent 875-17, 877- 17, 884-17, 884B-17, 892-17, 892B-17, and 895-17 turbofan engines that have an intermediate pressure (IP) turbine disc with a serial number listed in Table 1 to paragraph (e) of this AD, installed.
2012-17-10	This airworthiness directive (AD) becomes effective September 28, 2012.
2012-18-10	This AD applies to GA200 (Pty) Ltd Models GA200 and GA200C airplanes, all serial numbers, certificated in any category.
2012-18-02	This AD becomes effective September 26, 2012.
2012-18-03	This AD applies to the following Pratt & Whitney Division turbofan engines: (1) PW4000-94'' engine models PW4050, PW4052, PW4056, PW4152, PW4156, PW4650, PW4060, PW4060A, PW4060C, PW4062, PW4062A, PW4156A, PW4158, PW4160, PW4460, and PW4462, including models with any dash- number suffix, with a 1st 
2012-17-07	This AD applies to the following Diamond Aircraft Industries GmbH Models DA 42, DA 42 NG, and DA 42 M-NG airplanes: serial numbers 42.006 through 42.008, 42.010, 42.012 through 42.014, 42.016 through 42.033, 42.035 through 42.043, 42.045, 42.046, 42.048 through 42.051, 42.053, 42.055 through 42.059,
2012-18-01	This AD applies to M7 Aerospace LLC (type certificate previously held by Fairchild Aircraft Incorporated) Models SA226-AT, SA226-T, SA226-T(B), SA226-TC, SA227-AC (C-26A), SA227-BC (C-26A), SA227-CC, SA227-DC (C-26B), SA227-AT, and SA227-TT airplanes, all serial numbers, that are certificated in any
2012-17-03	This AD becomes effective October 11, 2012.
2012-17-02	This AD becomes effective October 10, 2012.
2012-08-06	This AD applies to Univair Aircraft Corporation Models (ERCO) 415-C, 415-CD, 415-D, E, G; (Forney) F-1 and F-1A; (Alon) A-2 and A2-A; and (Mooney) M10 airplanes, all serial numbers, that are certificated in any category.
2012-16-14	(1) This AD applies to Honeywell International Inc. TFE731-20R, -20AR, -20BR, -40, -40AR, -40R, -50R, and -60 turbofan engines: (i) With an engine model number and serial number (S/N) listed in Table 4 of Honeywell Service Bulletin (SB) TFE731-72-5221, Revision 0, dated November 11, 2010, or (ii) Wi
2012-16-01	This AD applies to the following Pratt & Whitney Division turbofan engines: (1) PW4052, PW4152, and PW4056 turbofan engines, including models with any dash number suffix, with a high-pressure turbine (HPT) stage 1 front hub part number (P/N) listed in Table 1 to paragraph (c) of this AD installed. (
2012-16-13	This AD applies to BRP-Powertrain GmbH & Co KG Rotax 912 F2; 912 F3; 912 F4; 912 S2; 912 S3; and 912 S4 reciprocating engines, with a fuel pump part number (P/N) 893114 having a serial number (S/N) listed in Table 1 to paragraph (c) of this AD:  Table 1 to Paragraph (c)--Affected Fuel Pump S/Ns  11.
2012-16-02	This AD becomes effective September 26, 2012.
2012-15-08	This AD becomes effective September 21, 2012.
2012-15-07	This AD applies to the following Glasflugel models and serial number (S/N) gliders, certificated in any category: (1) Club Libelle 205, all S/Ns (2) Kestrel, all S/Ns, except S/N 85, 110, and 125 (3) Mosquito, all S/Ns (4) Standard Libelle-201B, S/N 169
2012-15-01	This AD applies to all serial numbers of the airplanes listed in table 1 to paragraph (c) of this AD, that are: (1) Equipped with a Rotax Aircraft Engines 912 A series engine, with a part number (P/N) 893114 fuel pump installed; and (2) certificated in any category.  Table 1 to Paragraph (c)--Affect
2012-14-12	This AD becomes effective September 4, 2012.
2012-15-04	This AD becomes effective August 13, 2012.
2012-14-14	This AD becomes effective August 31, 2012.
2012-13-11	This AD becomes August 7, 2012.
2012-14-11	This AD becomes effective August 7, 2012.
2012-14-10	This AD becomes effective August 7, 2012.
2012-14-07	This AD supersedes AD 2011-15-51, Amendment 39-16817 (76 FR 66609, October 27, 2011).
2012-13-02	This AD applies to Pratt & Whitney Division PW4074 and PW4077 turbofan engines with 15th stage high-pressure compressor (HPC) disks, part number (P/N) 55H615, installed.
2012-14-08	This AD becomes effective August 1, 2012.
2012-13-10	This AD becomes effective August 1, 2012.
2012-14-06	This AD applies only to Rolls-Royce Corporation 250-C20, -C20B, and -C20R/2 turboshaft engines with 3rd stage turbine wheel, part number (P/N) 23065818, and 4th stage turbine wheel, P/N 23055944.
2012-11-14	This AD applies to all Pratt & Whitney Canada (P&WC) PW118, PW118A, PW118B, PW119B, PW119C, PW120, PW120A, PW121, PW121A, PW123, PW123B, PW123C, PW123D, PW123E, PW123AF, PW124B, PW125B, PW126A, PW127, PW127E, PW127F, PW127G, and PW127M turboprop engines, with the serial number (S/N) propeller shafts
2012-12-03	This AD applies to Rolls-Royce plc (RR) models RB211-Trent 970- 84, 970B-84, 972-84, 972B-84, 977-84, 977B-84, and 980-84 turbofan engines.
2012-11-09	This AD applies to transport category airplanes, in passenger- carrying operations, as specified in paragraph (c)(1) or (c)(2) of this AD. (1) Airplanes that are in compliance with the requirements of AD 2011-04-09, Amendment 39-16630 (76 FR 12556, March 8, 2011). (2) Airplanes equipped with any che
2012-12-21	This AD supersedes AD 2011-21-13, Amendment 39-16836 (76 FR 68299, November 4, 2011).
2012-11-02	This AD supersedes Emergency AD 2008-22-51, dated October 16, 2008.
2012-11-13	This AD becomes effective July 30, 2012.
2012-12-10	This AD becomes effective July 30, 2012.
2012-12-20	This AD applies to Turbomeca S.A. Arriel 2C1, 2C2, and 2S2 turboshaft engines with any of the digital engine control units (DECUs) listed in Table 1 of this AD installed.  Table 1--Serial Numbers of Affected DECUs  529 558 560 655 696 869 878 939 983 1039 1050 1052 1150 1195 1208 1236 1302 1304 1329
2012-12-11	This AD becomes effective July 24, 2012.
2012-11-05	This AD supersedes AD 2011-26-10, Amendment 39-16900 (77 FR 729, January 6, 2012).
2012-11-12	This AD becomes effective July 3, 2012.
2012-10-52	This emergency AD applies to the following Hartzell Engine Technologies (HET) turbochargers: (1) Turbocharger HET part number (P/N) 406610-0005 or P/N 406610-9005 with serial numbers listed in Table 1 of HET Alert Service Bulletin No. 047, dated May 8, 2012. (2) Turbochargers with P/N 406610-0005 or
2012-11-08	This AD applies to the following WACO Classic Aircraft Corporation model airplanes listed in paragraphs (c)(1) through (c)(3) of this AD, certificated in any category: (1) 2T-1A: Serial numbers (S/Ns) 0501 through 0502, (2) 2T-1A-1: S/Ns 0503 through 0699, and (3) 2T-1A-2: S/Ns 0701 through 1012.
2012-09-11	This AD becomes effective July 9, 2012.
2012-10-11	This AD applies to Burkhart GROB Luft- und Raumfahrt GmbH Models GROB G 109 and GROB G 109B powered sailplanes, all serial numbers, certificated in any category.
2012-11-07	This AD applies to Honeywell International, Inc. ALF502L-2C; ALF502R-3; ALF502R-3A; ALF502R-5; LF507-1F; and LF507-1H turbofan engines.
2012-11-01	This AD applies to Rolls-Royce plc (RR) RB211-Trent 875-17, 877- 17, 884-17, 884B-17, 892-17, 892B-17, and 895-17 turbofan engines.
2012-10-12	This AD applies to Rolls-Royce plc (RR) RB211-Trent 553-61, 553A2-61, 556-61, 556A2-61, 556B-61, 556B2-61, 560-61, 560A2-61, 768-60, 772-60, 772B-60, 875-17, 877-17, 884-17, 884B-17, 892-17, 892B-17, and 895-17 turbofan engines.
2012-10-01	This AD becomes effective June 29, 2012.
2012-10-09	This AD applies to the airplanes identified in paragraphs (c)(1) and (c)(2) of this AD, certificated in any category. (1) Model PA-31T airplanes, serial numbers 31T-7820001, 31T- 7820002, 31T-7820003, 31T-7820004, 31T-7820005, 31T-7820006, 31T- 7820007, 31T-7820008, 31T-7820009, 31T-7820010, 31T-782
2012-10-09	This AD applies to the airplanes identified in paragraphs (c)(1) and (c)(2) of this AD, certificated in any category. (1) Model PA-31T airplanes, serial numbers 31T-7820001, 31T- 7820002, 31T-7820003, 31T-7820004, 31T-7820005, 31T-7820006, 31T- 7820007, 31T-7820008, 31T-7820009, 31T-7820010, 31T-782
2012-10-13	This AD applies to Continental Motors, Inc. (CMI) TSIO-520-B, BB, D, DB, E, EB, J, JB, K, KB, N, NB, UB, VB; TSIO-550-K; TSIOF- 550-K; IO-550-N (Turbo-normalized only; STC SE10589SC); with a starter adapter part number (P/N) 642085A17; 642085A18; 642085A19; 642085A20; 642085A22; 642085-1A1, R-642085
2012-09-09	This AD applies to: (1) All International Aero Engines AG (IAE) V2500-A1 turbofan engines; and (2) All IAE V2525-D5 and V2528-D5 turbofan engines; and (3) IAE V2522-A5, V2524-A5, V2527-A5, V2527E-A5, V2527M-A5, V2530-A5, and V2533-A5 turbofan engines with serial numbers (S/Ns) up to and including V1
2012-10-04	This AD applies to the following Cessna model airplanes listed in paragraphs (c)(1) through (c)(13) of this AD, certificated in any category: (1) 210G: Serial numbers (S/Ns) 21058819 through 21058936, (2) T210G: S/Ns T210-0198 through T210-0307, (3) 210H: S/Ns 21058937 through 21059061, (4) T210H: S
2012-09-10	This AD applies to Pratt & Whitney Canada PT6A-38, -41, -42, - 42A, -61, -64, -66, -66B, -110, -112, -114, -114A, -121, -135, and - 135A series turboprop engines: (1) That have had maintenance done to the power section module involving first stage sun gear or planet gear replacement since December 2
2012-08-18	This AD applies to Turbomeca S.A. Arriel 2B and 2B1 turboshaft engines with at least one installed power turbine (PT) blade part number (P/N) 2 292 81 A01 0, serial numbers (S/Ns) 102782 through 120230 inclusive, or, S/Ns 120293 through 120390 inclusive.
2012-02-51	This AD becomes effective May 4, 2012 to all persons except those persons to whom it was made immediately effective by Emergency AD No. 2012-02-51, issued on February 1, 2012.
2012-08-01	This AD becomes effective May 24, 2012.
2012-07-09	This AD applies to Turbomeca S.A. Arrius 2F turboshaft engines with right-hand (RH) rear half-wall, part number (P/N) 0319 99 824 0, installed.
2011-18-52	This AD becomes effective May 3, 2012 to all persons except those persons to whom it was made immediately effective by Emergency AD 2011-18-52, issued on August 25, 2011, which contained the requirements of this AD.
2012-06-24	This AD becomes effective May 15, 2012.
2012-06-15	This AD applies to DG Flugzeugbau GmbH Models DG-500 Elan Orion, DG-500 Elan Trainer, DG-500/20 Elan, and DG-500/22 Elan sailplanes and Models DG-500M and DG-500MB powered sailplanes, all serial numbers, that are: (i) Equipped with a headrest on the rear seat; and (ii) Certificated in any category.
2012-06-23	This AD applies to Rolls-Royce plc (RR) RB211-Trent 875-17, RB211-Trent 877-17, RB211-Trent 884-17, RB211-Trent 884B-17, RB211- Trent 892-17, RB211-Trent 892B-17, and RB211-Trent 895-17 turbofan engines.
2012-07-01	This airworthiness directive (AD) becomes effective April 20, 2012.
2012-05-06	All Lockheed Martin Corporation/Lockheed Martin Aeronautics Company Model L-1011-385-1, L-1011-385-1-14, L-1011-385-1-15, and L- 1011-385-3 airplanes, certificated in any category.
2012-06-13	This AD applies to DG Flugzeugbau GmbH Models DG-500 Elan Orion, DG-500 Elan Trainer, DG-500/20 Elan, DG-500/22 Elan, DG-500M, and DG-500MB gliders, all serial numbers (S/N), certificated in any category.
2012-06-16	This AD applies to Pilatus Aircraft Ltd. Models PC-6, PC-6-Hl, PC-6-H2, PC-6/350, PC-6/350-Hl, PC-6/350-H2, PC-6/A, PC-6/A-Hl, PC- 6/A-H2, PC-6/B-H2, PC-6/Bl-H2, PC-6/B2-H2, PC-6/B2-H4, PC-6/C-H2, and PC-6/Cl-H2 airplanes, all Pilatus manufacturer serial numbers (MSN), and MSN 2001 through 2092, cer
2012-06-18	This AD applies to all Pratt & Whitney PW4050, PW4052, PW4056, PW4060, PW4060A, PW4060C, PW4062, PW4062A, PW4152, PW4156, PW4156A, PW4158, PW4160, PW4460, PW4462, and PW4650 turbofan engines, including models with any dash number suffix, that have not incorporated Pratt & Whitney Alert Service Bulle
2012-06-17	This AD applies to the following Rolls-Royce Deutschland Ltd & Co KG (RRD) turbofan engines: (1) TAY 611-8 engines, serial numbers (S/Ns) 16870, 16879, 16880, 16897, 18046, 18051, 18052, 18053, 18058, 18065, 18066, 18169, and 18194. (2) TAY 611-8C engine S/N 85313.
2012-06-14	This AD applies to Pratt & Whitney JT9D-7R4G2 and -7R4H1 turbofan engines.
2012-05-09	This AD applies to Mooney Aviation Company, Inc. (Mooney) Models M20B, M20C, M20D, M20E, M20F, M20G, M20J, M20K, M20L, M20M, M20R, M20S, and M20TN airplanes, all serial numbers, certificated in any category.
2012-02-01	This AD applies to Pratt & Whitney (PW) PW2037, PW2037(M), and PW2040 turbofan engines with six or more fan blades, part numbers (P/Ns) 1B6531, 1B6231-001, or 1A9031-001 (fan blade set P/Ns 1B6521, 1B6221-001, and 1A9721-001), with a cutback leading edge, installed.
2012-05-01	This AD becomes effective April 24, 2012.
2012-04-15	This AD applies to Pratt & Whitney (PW) JT9D-3A, -7, -7A, -7H, - 7AH, -7F, -7J, -20J, -59A, -70A, -7Q, -7Q3, -7R4D, -7R4D1, -7R4E, - 7R4E1, -7R4E4, -7R4G2, and -7R4H1 series turbofan engines.
2010-11-09R1	This AD applies to Thielert Aircraft Engines GmbH (TAE) models TAE 125-01 and TAE 125-02-99 reciprocating engines designated with part number (P/N) 05-7200-K000301 or 02-7200-14017R1. The engines are installed on, but not limited to, Diamond Aircraft Industries Model DA 42 airplanes.
2012-04-14	This AD applies to Rolls-Royce plc (RR) RB211-Trent 800 turbofan engines, all models, all serial numbers.
2012-03-12	This AD is applicable to all GE CF6-80C2 model turbofan engines, including engines marked on the engine data plate as CF6-80C2B7F1.
2012-04-03	This AD applies to BRP-Powertrain GmbH & Co KG: (1) Rotax 912 S2 and 912 S3 reciprocating engines, serial numbers (S/Ns) 4,924.287 to 4,924.295 inclusive, 4,924.300 to 4,924.304 inclusive, 4,924.342 to 4,924.350 inclusive, 4,924.352, and 4,924.353. (2) Rotax 914 F2 reciprocating engines, S/Ns 4,421.
2012-04-04	This AD applies to all Pratt & Whitney Division PW4050, PW4052, PW4056, PW4060, PW4060A, PW4060C, PW4062, PW4062A, PW4152, PW4156, PW4156A, PW4158, PW4160, PW4460, PW4462, and PW4650 turbofan engines, including models with any dash number suffix, with a Pratt & Whitney fuel metering unit (FMU) part 
2012-03-03	This AD applies to Fokker Services B.V. Model airplanes identified in paragraphs (c)(1), (c)(2), and (c)(3) of this AD, certificated in any category. (1) F.27 Mark 050 airplanes having serial numbers (S/Ns): 20104, 20105, 20121 through 20123 inclusive, 20130 through 20135 inclusive, 20141 through 20
2012-03-52	This AD applies to the following Mooney Aviation Company, Inc. airplanes, certificated in any category:  Models Serial Nos.  (1) M20R.................................. 29-0465 through 29-0519. (2) M20TN................................. 31-0003 through 31-0127.
2012-04-05	This AD applies to GE CF6-80C2B1F, CF6-80C2B1F1, CF6-80C2B1F2, CF6-80C2B2F, CF6-80C2B3F, CF6-80C2B4F, CF6-80C2B5F, CF6-80C2B6F, CF6-80C2B6FA, CF6-80C2B7F, and CF6-80C2B8F turbofan engines, including engines marked on the engine data plate as CF6-80C2B7F1.
2012-04-01	This AD applies to Rolls-Royce plc (RR) RB211-Trent 895-17, 892- 17, 892B-17, 884-17, 884B-17, 877-17, and 875-17 turbofan engines.
2012-03-51	This AD applies to all of the airplanes identified in paragraphs (c)(1), (c)(2), (c)(3), (c)(4), (c)(5), (c)(6), and (c)(7) of this AD, certificated in any category: (1) Aero Union Corporation Model SP-2H (P2V-7) airplanes; (2) Central Air Service, Inc. Model SP-2H (P2V-7) airplanes; (3) Evergreen A
2012-03-51	This AD applies to all of the airplanes identified in paragraphs (c)(1), (c)(2), (c)(3), (c)(4), (c)(5), (c)(6), and (c)(7) of this AD, certificated in any category: (1) Aero Union Corporation Model SP-2H (P2V-7) airplanes; (2) Central Air Service, Inc. Model SP-2H (P2V-7) airplanes; (3) Evergreen A
2012-03-51	This AD applies to all of the airplanes identified in paragraphs (c)(1), (c)(2), (c)(3), (c)(4), (c)(5), (c)(6), and (c)(7) of this AD, certificated in any category: (1) Aero Union Corporation Model SP-2H (P2V-7) airplanes; (2) Central Air Service, Inc. Model SP-2H (P2V-7) airplanes; (3) Evergreen A
2012-03-01	This AD is effective March 21, 2012.
2012-03-11	This AD applies to all Turbomeca S.A. Arriel 2B and 2B1 turboshaft engines.
2012-03-06	This AD applies to all Superior Air Parts, Lycoming Engines, and Continental Motors, Inc., fuel injected reciprocating engine models with an AVStar Fuel Systems, Inc. (AFS) fuel servo diaphragm, part number (P/N) AV2541801 or P/N AV2541803, installed.
2012-02-04	This AD applies to Rolls-Royce plc RB211-Trent 553-61, RB211- Trent 553A2-61, RB211-Trent 556-61, RB211-Trent 556A2-61, RB211- Trent 556B-61, RB211-Trent 556B2-61, RB211-Trent 560-61, and RB211- Trent 560A2-61 turbofan engines that have not complied with Rolls- Royce plc Service Bulletin No. RB.211-
2012-02-06	Honeywell International Inc. TPE331-10, -10AV, -10GP, -10GT, - 10N, -10P, -10R, -10T, -10U, -10UA, -10UF, -10UG, -10UGR, -10UR, and TPE331-11U model turboprop engines with a first stage turbine disk, part number (P/N) 3101520-1 or 3107079-1, with a serial number (S/N) listed in Table 2 of Honeywell 
2012-02-03	This AD applies to CFM International, S.A. CFM56-5B1/3, CFM56- 5B2/3, CFM56-5B3/3, CFM56-5B4/3, CFM56-5B5/3, CFM56-5B6/3, CFM56- 5B7/3, CFM56-5B8/3, CFM56-5B9/3, CFM56-5B3/3B1, and CFM56-5B4/3B1 engines equipped with fan blades part number (P/N) 338-002-114-0 that have a serial number (S/N) listed i
2012-02-08	This AD applies to Aviation Communication & Surveillance Systems (ACSS) traffic alert and collision avoidance system (TCAS) units with part numbers identified in ACSS Technical Newsletter 8008359, Revision B, dated August 3, 2011, as installed on but not limited to various transport and small airpla
2012-02-11	This AD applies to Rolls-Royce plc RB211-535E4-37, -535E4-B-37, -535E4-B-75, and -535E4-C-37 turbofan engines.
2012-02-07	This AD applies to General Electric Company (GE) CF6-45A, CF6- 45A2, CF6-50A, CF6-50C, CF6-50CA, CF6-50C1, CF6-50C2, CF6-50C2B, CF6-50C2D, CF6-50E, CF6-50E1, CF6-50E2, and CF6-50E2B turbofan engines, including engines marked on the engine data plate as CF6- 50C2-F and CF6-50C2-R, with any of the low
2012-02-05	This AD applies to all Thielert Aircraft Engines GmbH TAE 125- 02-99 and TAE-125-02-114 reciprocating engines with friction disk, part number (P/N) 05-7211-K010201, installed.
2012-01-11	This AD applies to the following model and serial number airplanes, certificated in any category: (1) Group 1 Airplanes: Cirrus Design Corporation Model SR22T airplanes, serial numbers 0001 through 0169, except 0004, 0019, 0027, 0047, 0097, 0126, 0127, 0135, 0138, 0139, 0144, 0154, 0155, 0157, 0158,
2011-27-08	This airworthiness directive (AD) becomes effective February 8, 2012.
2012-01-07	This AD applies to BRP--POWERTRAIN GMBH & CO KG Rotax 914 F2, 914 F3, and 914 F4 reciprocating engines with certain fuel pressure regulators, part number (P/N) 887130 installed.
2012-01-10	This AD applies to General Electric Company (GE) CF34-10E series turbofan engines, serial number (S/N) 994116, and S/Ns 994118 through 994187, inclusive.
2011-27-51	This AD applies to the following Hawker Beechcraft Corporation airplanes, certificated in any category:  Models Serial Nos.  (1) 1900.............................. UA-3. (2) 1900C............................. UB-1 through UB-74 and UC-1 through UC-174. (3) 1900C (Military).................. UD-1 thr
2012-01-02	This AD applies to Schempp-Hirth Flugzeugbau Discus 2cT gliders, serial numbers 1 through 35, certificated in any category, except those on which a engine pylon, part number (P/N) M03RT841, is installed.
2012-01-01	This AD applies to all serial numbers of the airplanes listed in table 1 of this AD, that are: (1) Equipped with a Rotax Aircraft Engines 912 A series engine, with a part number (P/N) 888164 crankshaft installed, serial numbers 40232 through 40267, 40293 through 40374, 40408 through 40433, and 40435
2011-18-21	This AD applies to Rolls-Royce plc (RR) engine models RB211- 524B-02, -524B3-02 engines and RB211-524B2, -524B4, -524C2, and - 524D4 series engines with a front combustion liner assembly that incorporates RR Service Bulletin (SB) No. RB.211-72-7221 or RR SB No. RB.211-72-7998, but doesn't incorporat
2011-26-10	This airworthiness directive (AD) becomes effective January 23, 2012.
2010-06-12R1	This AD applies to Thielert Aircraft Engines GmbH (TAE) models TAE 125-01 and TAE 125-02-99 reciprocating engines.
2011-26-11	This AD applies to General Electric Company (GE) GE90-110B1 and GE90-115B turbofan engines with high-pressure compressor (HPC) stages 2-5 spool, part number (P/Ns) 351-103-106-0, 351-103-107-0, 351-103-108-0, 351-103-109-0, 351-103-141-0, 351-103-142-0, 351-103- 143-0, or 351-103-144-0, installed.
2011-27-04	This AD applies to Hawker Beechcraft Corporation Models 95-C55, D55, E55, 58, and 58A airplanes, all serial numbers that are: (1) equipped with Supplemental Type Certificate (STC) SA1762SO; and (2) certificated in any category.  Note 1: STC SA1762SO is sometimes referred to as the ``Foxstar modifica
2011-27-01	This AD applies to Turbomeca Arriel 1B turboshaft engines with M03 modules modified by TU 76 or TU 202, and not modified by TU 148, and if fitted with a repaired 2nd stage turbine nozzle guide vane (NGV). The M03 module contains the 2nd stage turbine NGV, 1st stage turbine disc, and 2nd stage turbin
2011-26-08	This AD applies to all Rolls-Royce plc (RR) RB211-Trent 875-17, 877-17, 884-17, 884B-17, 892-17, 892B-17, and 895-17 turbofan engines. These engines are installed on, but not limited to, Boeing 777 series airplanes.
2011-26-07	This AD applies to TCM and R-RM C-125, C-145, O-300, IO-360, TSIO-360, and LTSIO-520-AE series reciprocating engines with Champion Aerospace (formerly Unison Industries) Slick Magnetos, models 6314, 6324, and 6364, with magneto serial numbers (S/Ns) of 99110001 through 99129999, inclusive.
2011-25-12	This AD applies to Pratt & Whitney Canada PT6A-15AG, -27, -28, - 34, -34AG, -34B, and -36 series turboprop engines that have had maintenance done to the power section module involving the first stage reduction sun gear or planetary gear set replacement since December 22, 2008, and having a: (1) Timk
2011-26-02	This AD applies to Turbomeca Arriel 1A, 1A1, 1B, 1C, 1C1, 1C2, 1D, 1D1, and 1S1 turboshaft engines that have incorporated Modification TU347.
2011-25-51	This emergency AD applies to Continental Motors, Inc. (CMI) TSIO-520-B, BB, D, DB, E, EB, J, JB, K, KB, N, NB, UB, VB; TSIO-550- K; TSIOF-550-K; IO-550-N (Turbo-normalized only; STC SE10589SC); with a starter adapter part number (P/N) 642085A17, 642085A19, 642085A20, 642085-1A1, and R-642085A17, ins
2011-25-11	This AD applies to all The Boeing Company 757-200, 757-200PF, 757-200CB, 757-300, 767-200, 767-300, and 767-300F series airplanes; certificated in any category.
2011-25-08	This AD applies to International Aero Engines (IAE) V2500-A1, V2522-A5, V2524-A5, V2525-D5, V2527-A5, V2527E-A5, V2527M-A5, V2528- D5, V2530-A5, and V2533-A5 turbofan engines.
2011-25-10	Pratt & Whitney Corp (PW) JT9D-7R4H1 turbofan engines with a high-pressure compressor (HPC) shaft, part number (P/N) 808070 or 808071, installed.
2011-25-02	This AD applies to BRP-Powertrain GmbH & Co. KG Rotax 912 F2, 912 F3, 912 F4, 912 S2, 912 S3, 912 S4, 914 F2, 914 F3, and 914 F4 reciprocating engines, with the following part number (P/N) 888164 crankshafts installed.  Table 1--Affected P/N 888164 Crankshaft Serial Nos. (S/Ns)  S/Ns 40232 through 4
2011-25-09	This AD applies to the following Pratt & Whitney Division (PW) turbofan engines, with high-pressure turbine (HPT) stage 1 airseal, part number (P/N) 50L879; HPT stage 2 airseal, P/N 53L030; or HPT stage 1 airseal ring, P/N 50L664, installed:  (1) PW4000-100'' Engines  PW4000-100'' engine models PW41
2011-24-11	This AD applies to Honeywell International Inc. ALF502L-2C, ALF502R-3, ALF502R-3A, ALF502R-5, LF507-1F, and LF507-IH turbofan engines with any of the second stage high pressure compressor (HPC2) discs, part number (P/N) 2-101-332-12, serial numbers (S/N) listed in Table 2 of Honeywell International 
2011-24-08	This AD applies to Makila 1A2 turboshaft engines, all serial numbers.
2011-23-13	This AD applies to Honeywell International Inc. LTS101-600A-2, - 3, -3A, and LTS101-700D-2 turboshaft engines with a power turbine governor (PTG) model AL-AB1, part number 4-301-289-03, 4-301-289-05, 4-301-289-09, 4-301-101-16, or 4-301-101-18, installed, that is marked with compliance symbol N or P
2011-23-11	This AD applies to Pacific Aerospace Limited Models FU24-954 and FU24A-954 airplanes, all serial numbers, certificated in any category.
2011-23-01	This AD applies to Thielert Aircraft Engines GmbH (TAE): (1) TAE 125-01 reciprocating engines (commercial designation Centurion 1.7), all serial numbers (S/Ns), if a clutch assembly part number (P/N) 02-7210-11001R13 is installed, and (2) TAE 125-02-99 reciprocating engines (commercial designation C
2011-21-17	This AD applies to General Electric Company (GE) CT7-8A, CT7- 8A1, CT7-8E, and CT7-8F5 turboshaft engines, with fuel filter differential pressure switch, part number (P/N) TD028VF0H7Y5 (part of fuel filter assembly, P/N 4110T53P06), installed.
2011-22-03	This AD applies to Rolls-Royce Corporation (RRC) AE 3007A, AE 3007A1/1, AE 3007A1, AE 3007A1/3, AE 3007A1E, AE 3007A1P, and AE 3007A3 turbofan engines, with any of the 6th-through-13th stage compressor wheel part numbers (P/Ns) in Table 1 of this AD installed.  Table 1--6th-Through-13th Stage Compre
2011-22-02	airplanes; Model A300 B4-605R and B4-622R airplanes; Model A300 F4- 605R and F4-622R airplanes; Model A300 C4-605R Variant F airplanes; and Model A310-203, -204, -221, -222, -304, -322, -324, and -325 airplanes; certificated in any category.  Subject
2011-22-02	airplanes; Model A300 B4-605R and B4-622R airplanes; Model A300 F4- 605R and F4-622R airplanes; Model A300 C4-605R Variant F airplanes; and Model A310-203, -204, -221, -222, -304, -322, -324, and -325 airplanes; certificated in any category.  Subject
2011-22-02	airplanes; Model A300 B4-605R and B4-622R airplanes; Model A300 F4- 605R and F4-622R airplanes; Model A300 C4-605R Variant F airplanes; and Model A310-203, -204, -221, -222, -304, -322, -324, and -325 airplanes; certificated in any category.  Subject
2011-22-02	airplanes; Model A300 B4-605R and B4-622R airplanes; Model A300 F4- 605R and F4-622R airplanes; Model A300 C4-605R Variant F airplanes; and Model A310-203, -204, -221, -222, -304, -322, -324, and -325 airplanes; certificated in any category.  Subject
2011-22-02	airplanes; Model A300 B4-605R and B4-622R airplanes; Model A300 F4- 605R and F4-622R airplanes; Model A300 C4-605R Variant F airplanes; and Model A310-203, -204, -221, -222, -304, -322, -324, and -325 airplanes; certificated in any category.  Subject
2011-22-02	airplanes; Model A300 B4-605R and B4-622R airplanes; Model A300 F4- 605R and F4-622R airplanes; Model A300 C4-605R Variant F airplanes; and Model A310-203, -204, -221, -222, -304, -322, -324, and -325 airplanes; certificated in any category.  Subject
2011-22-02	airplanes; Model A300 B4-605R and B4-622R airplanes; Model A300 F4- 605R and F4-622R airplanes; Model A300 C4-605R Variant F airplanes; and Model A310-203, -204, -221, -222, -304, -322, -324, and -325 airplanes; certificated in any category.  Subject
2011-20-51	This AD applies to Pratt & Whitney Canada PT6A-15AG, -27, -28, - 34, -34AG, -34B, and -36 series turboprop engines that have had maintenance done to the power section module involving first stage reduction sun gear replacement since February 3, 2010, and having a Timken Alcor Aerospace Technologies,
2011-21-01	600, and 700 airplanes; and Fokker Services B.V. Model F.28 Mark 0070, 0100, 1000, 2000, 3000, and 4000 airplanes; certificated in any category; all serial numbers.  Note 1: This AD requires revisions to certain operator maintenance documents to include a new Critical Design Configuration Control Li
2011-17-07	This AD applies to the following M7 Aerospace LP airplanes, certificated in any category, as identified in Table 1 of this AD:  Table 1--Applicability Model-- Serial Nos.--  SA226-T.................................. T265, T267. SA226-T(B)............................... T(B)348. SA226-TC.............
2011-15-11	This AD applies to Cessna Aircraft Company (Cessna) Models 337, 337A (USAF 02B), 337B, 337C, 337D, 337E, T337E, 337F, T337F, 337G, T337G, M337B, F 337E, FT337E, F 337F, FT337F, F 337G, and FT337GP airplanes, all serial numbers, that: (1) Are certificated in any category; and (2) Are or have ever bee
2011-15-10	This AD applies to the Superior Air Parts engine models and Lycoming engine models listed in Table 1 of this AD with an AVStar Fuel Systems (AFS) fuel servo diaphragm, part numbers (P/Ns) AV2541801 and AV2541803, installed.  Table 1--Affected Lycoming and Superior Air Parts Engines Engine manufactur
2011-15-05	(1) This AD applies to Hawker Beechcraft Corporation Models B300 and B300C (C-12W) airplanes, all serial numbers, that: (2) Are certificated in any category; and (3) Are modified per Hawker Beechcraft Drawing 130M000030 or Kit Drawing 130-4014 that incorporate Pilot's Operating Handbook and FAA Appr
2010-26-11	Unsafe Condition  (d) This AD was prompted by an accident and the subsequent discovery of cracks in the main rotor blade (blade) spars. We are issuing this AD to prevent blade failure and subsequent loss of control of the helicopter.  Compliance  (e) Before further flight, unless already done: (1) R
2010-23-03	and -300 series airplanes, line numbers 1 through 1050 inclusive, and all Model 767-200, -300, -300F, and -400ER series airplanes; certificated in any category.  Subject  (d) Joint Aircraft System Component (JASC)/Air Transport Association (ATA) of America Code 28: Fuel.  Unsafe Condition  (e) This 
2010-23-03	and -300 series airplanes, line numbers 1 through 1050 inclusive, and all Model 767-200, -300, -300F, and -400ER series airplanes; certificated in any category.  Subject  (d) Joint Aircraft System Component (JASC)/Air Transport Association (ATA) of America Code 28: Fuel.  Unsafe Condition  (e) This 
2010-23-03	and -300 series airplanes, line numbers 1 through 1050 inclusive, and all Model 767-200, -300, -300F, and -400ER series airplanes; certificated in any category.  Subject  (d) Joint Aircraft System Component (JASC)/Air Transport Association (ATA) of America Code 28: Fuel.  Unsafe Condition  (e) This 
2010-22-03	-324, and -325 airplanes, certificated in any category.  Subject
2010-16-04	series airplanes, certificated in any category; line numbers 1 through 763 inclusive, except line number 758, which was accomplished in production.  Subject
2010-14-20	Unsafe Condition  (d) This AD results from reports of 10 hubs found cracked during propeller overhaul. We are issuing this AD to prevent failure of the propeller hub, which could cause blade separation, damage to the airplane, and loss of control of the airplane.  Compliance  (e) You are responsible
2010-12-02	turboshaft engines with a comparator/selector (CS) board, part  number (P/N) 0 177 99 716 0, and a serial number (S/N) between 241EL  and 1192EL (inclusive) installed. These engines are installed on,  but not limited to, Eurocopter AS 332 C, AS 332 C1, AS 332 L, and AS  332 L1 helicopters.  Reason
2010-12-03	and -3B turbofan engines with 25 degrees midspan shroud fan blades,  part numbers (P/Ns) 9527M99P08, 9527M99P09, 9527M99P10, 9527M99P11,  1285M39P01, or fan blade pairs, P/Ns 335-088-901-0, 335-088-902-0,  335-088-903-0, and 335-088-904-0 installed. These engines are  installed on, but not limited t
2010-12-04	certificated in any category.  Subject
2010-11-11	certificated in any category, serial numbers 60-002 through 60-369  inclusive.  Subject
2010-11-09	models TAE 125-01 and TAE 125-02-99 reciprocating engines designated  with part number (P/N) 05-7200-K000301 or 02-7200-1401R1. The  engines are installed on, but not limited to, Diamond Aircraft  Industries Model DA 42 airplanes.  Reason
2008-16-03	PC-6/350-H2, PC-6/A, PC-6/A-H1, PC-6/A-H2, PC-6/B-H2, PC-6/B1-H2, PC-6/B2-H2, PC-6/B2-H4, PC-6/C-H2, and PC-6/C1-H2 airplanes, manufacturer serial numbers (MSN) MSN 101 through MSN 999 and MSN 2001 through MSN 2092, certificated in any category, with mechanically operated flaps and leaf springs, par
2008-14-06	horizontal stabilizer, part number (P/N) 206-023-119-167, and Model 407 helicopters with horizontal stabilizer, P/N 407-023-801-109, installed, certificated in any category.  Reason  (d) The mandatory continuing airworthiness information (MCAI) states: ``Horizontal stabilizers part numbers 206-023-1
2008-14-06	horizontal stabilizer, part number (P/N) 206-023-119-167, and Model 407 helicopters with horizontal stabilizer, P/N 407-023-801-109, installed, certificated in any category.  Reason  (d) The mandatory continuing airworthiness information (MCAI) states: ``Horizontal stabilizers part numbers 206-023-1
2008-14-04	Reason  (d) The mandatory continuing airworthiness information (MCAI) states: ``This Airworthiness Directive (AD) is issued because it was found that the power drawn by the starter generators from the engines is above the consumption capacity at altitudes above 3,000 meters, declared for the engines
2008-06-12	Jetstream Series 3101, and Jetstream Model 3201 airplanes, all serial numbers, certificated in any category.  Subject  (d) Air Transport Association of America (ATA) Code 32: Landing Gear. (e) The mandatory continuing airworthiness information (MCAI) states:  Two incidents have been reported where t
2007-18-09	Unsafe Condition  (d) This AD results from a report of an incident where an airplane landed with the nose landing gear (NLG) turned 90 degrees from centerline, and from additional reports of NLG upper support anti-rotation lugs rupturing in service. We are issuing this AD to prevent landings with th
2007-18-08	Unsafe Condition  (d) This AD results from a report of in-service delamination of a flexible hose in the slat anti-icing system at a time earlier than previously reported. We are issuing this AD to prevent collapse of the flexible hoses in the slat anti-icing system, which could lead to insufficient
2007-17-06	Model Serial Nos.  DA 40.................................. All serial numbers beginning with 40.006. DA 40F................................. All serial numbers beginning with 40.F001. All serial numbers beginning with 40.FC001. Subject
2007-02-22	Unsafe Condition  (d) This AD results from reviews in which the manufacturer determined that the splined couplings and sliding bearings of the flap transmission system could be affected by corrosion and wear. We are issuing this AD to detect and correct damaged, missing, or incorrectly installed com
2007-02-11	Models Serial Nos.  EA-300................................. 01 through 62. EA-300L................................ 01 through 71, 73 through 77, 79 through 83, 85 through 89, 91, and 92. EA-300S................................ 01 through 29. EA-300/200............................. 01 through 31 and 
2006-23-05	Unsafe Condition  (d) This AD results from a report of cracking found on the elevator inboard-hinge brackets. We are issuing this AD to detect and correct cracking of the elevator inboard-hinge brackets, which could result in structural failure of the elevator and consequent loss of control of the a
2006-20-51	Table 1.--Applicability Powered by General Electric (GE) Boeing model model  (1) 777-200LR series airplanes...... GE90-110B engines. (2) 777-300ER series airplanes...... GE90-115B engines. Unsafe Condition  (d) This AD results from a report of two occurrences of engine thrust rollback during takeoff
2006-20-01	Unsafe Condition  (d) This AD results from several incidents of pitch oscillations with high vertical loads that occurred during turbulence at high altitudes. We are issuing this AD to prevent pitch oscillations during turbulence, which could result in reduced controllability of the airplane.  Compl
2005-20-26	seats, part number (P/N) 312( )( )27-( )( )( ) ( )( ) and P/N 312( )( )36-( )( )( )( )( ). These seats are installed in, but not limited to, Fokker Model F27 Mark 050, Mark 500, and Mark 600 airplanes. (d) The parentheses appearing in the seat P/N indicate the presence or absence of an additional le
2005-06-10	certificated in any category; equipped with General Electric and Pratt and Whitney engines; as identified in Boeing Service Bulletin 767-54-0107, Revision 1, dated December 18, 2003.  Unsafe Condition  (d) This AD was prompted by discovery during production that a section of vapor barrier seal was m
2005-06-03	Unsafe Condition  (d) This AD was prompted by reports of failure of fluorescent light lamp holders in the main cabin. We are issuing this AD to prevent chafing of the lamp holder power wire against the mounting bracket, and moisture intrusion into the lamp holders, which could result in failure of t
2004-22-01	Issued in Renton, Washington, on October 18, 2004. Kalene C. Yanamura, Acting Manager, Transport Airplane Directorate, Aircraft Certification Service. [FR Doc. 04-24031 Filed 10-26-04; 8:45 am] BILLING CODE 4910-13-P
2004-08-01	information to the manufacturer, this AD does not include such a requirement.  Alternative Methods of Compliance  (d) In accordance with 14 CFR 39.19, the Manager, International Branch, ANM-116, FAA, Transport Airplane Directorate, is authorized to approve alternative methods of compliance for this 
2004-04-08	Alternative Methods of Compliance  (d) In accordance with 14 CFR 39.19, the Manager, Seattle Aircraft Certification Office, FAA, is authorized to approve alternative methods of compliance (AMOCs) for this AD.  Effective Date
2004-03-02	Issued in Renton, Washington, on January 28, 2004. Kalene C. Yanamura, Acting Manager, Transport Airplane Directorate, Aircraft Certification Service. [FR Doc. 04-2107 Filed 2-2-04; 8:45 am] BILLING CODE 4910-13-P
2004-03-03	APPENDIX 1.  ``(a) Engine anti-icing must be switched ON during all ground or flight operations when the Total Air Temperature (TAT) is below +6 degrees C (+42 degrees F) down to and including -25 degrees C (-13 degrees F), irrespective of the presence of visible moisture; and  (b) Airframe anti-ici
2003-17-12	provides an acceptable level of safety may be used if approved by the Manager, Los Angeles Aircraft Certification Office (ACO), FAA. Operators shall submit their requests through an appropriate FAA Principal Maintenance Inspector, who may add comments and then send it to the Manager, Los Angeles ACO
2003-13-02	Issued in Renton, Washington, on June 16, 2003. Kalene C. Yanamura, Acting Manager, Transport Airplane Directorate, Aircraft Certification Service. [FR Doc. 03-15595 Filed 6-20-03; 8:45 am] BILLING CODE 4910-13-P
2003-10-14	Issued in Renton, Washington, on May 16, 2003. Vi L. Lipski, Manager, Transport Airplane Directorate, Aircraft Certification Service. [FR Doc. 03-12836 Filed 5-22-03; 8:45 am] BILLING CODE 4910-13-P
2002-24-02	provides an acceptable level of safety may be used if approved by the Manager, Seattle ACO. Operators shall submit their requests through an appropriate FAA Principal Maintenance Inspector, who may add comments and then send it to the Manager, Seattle ACO.  Note 4: Information concerning the existen
